SalesOrg;Customer_Name;EAN_UPC_Code;Week_Date_Start;Currency;Sales_Value;Sales_Volume;Retail Sales Price;Base_Sales_Value;Base_Sales_Volume;Incremental_Sales_Value;Incremental_Sales_Volume;ACV Weighted Distribution;ACV Weighted Distribution No Merch;ACV Weighted Distribution Any Merch;ACV Weighted Distribution Price Reductions Only;ACV Weighted Distribution Feature Only;ACV Weighted Distribution Display Only;ACV Weighted Distribution Feature and Display;ACV Weighted Distribution Feature and/or Display;RoS;Promoted ACV %;In-store Price Discount %;COVID;Week_of_Year;Post event deep
B01;B;33409;2019-01-06;BBB;156797.7504;15663.83795;10.0101744476998;151826.9869;15124.09927;4970.763488;539.7386775;79.98539167;70.85530199;9.13008968;1.615779923;0.00;7.514309757;0.00;7.514309757;195.83373442272;0.114146964706612; 0.997153899634092 ;0.00;1;0
B01;B;33409;2019-01-13;BBB;186126.9462;21054.32601;8.84031842727223;127852.6208;13004.89625;58274.32539;8049.429755;81.65051359;1.088101708;80.56241188;1.324602705;71.97082002;0.289375034;6.977614123;79.23780917;257.85907625422;0.986673669739987; 0.899218359735325 ;0.00;2;0
B01;B;33409;2019-01-20;BBB;137389.4442;13726.8146;10.0088365876232;134915.7095;13467.75593;2473.734615;259.0586684;75.19999935;68.99952736;6.200471998;1.529275867;0.00;4.671196131;0.00;4.671196131;182.537429769273;0.0824530857924801; 0.999116921260851 ;0.00;3;0
B01;B;33409;2019-01-27;BBB;152807.1377;16650.00195;9.17760479301325;115114.5846;11889.90972;37692.55313;4760.092228;80.45062345;2.650268227;77.80035522;0.00;72.92159972;0.033262076;4.845493424;77.80035522;206.959265646312;0.967057207062576; 0.947932816801103 ;0.00;4;0
B01;B;33409;2019-02-03;BBB;136449.5288;13632.72777;10.0089674716654;133447.8132;13295.02824;3001.715563;337.6995322;75.69269524;69.11287441;6.579820837;1.669738557;0.00;4.910082281;0.00;4.910082281;180.106253671831;0.0869280822427747; 0.997165123939497 ;0.00;5;0
B01;B;33409;2019-02-10;BBB;178907.9454;20279.2707;8.822208058991;123256.1849;12522.62229;55651.76049;7756.648413;80.5166438;1.353739766;79.16290403;1.202836042;72.86891396;0.032876143;5.058277893;77.96006799;251.864331930835;0.983186833105431; 0.896321587238567 ;0.00;6;0
B01;B;33409;2019-02-17;BBB;143476.22;14304.1189;10.0304129882477;140990.5895;14040.27357;2485.630424;263.8453372;76.93568149;71.02767798;5.90800351;0.732426607;0.00;5.175576903;0.00;5.175576903;185.923080461167;0.0767914626293122; 0.998859164108105 ;0.00;7;0
B01;B;33409;2019-02-24;BBB;120578.8816;12029.90695;10.0232597060944;118611.9739;11816.54195;1966.907656;213.3650006;73.16620106;67.46516625;5.70103481;0.807639008;0.00;4.893395803;0.00;4.893395803;164.418908945879;0.0779189670559069; 0.998552379649835 ;0.00;8;0
B01;B;33409;2019-03-03;BBB;137457.0838;13697.93344;10.0348774800296;135259.8098;13472.36826;2197.273995;225.565181;77.51225497;72.00483695;5.507418019;0.41200794;0.00;5.095410079;0.00;5.095410079;176.7195838297;0.0710522229179317; 0.999510239256152 ;0.00;9;0
B01;B;33409;2019-03-10;BBB;137527.2461;13733.70937;10.0138456694311;134784.1009;13429.42394;2743.145236;304.2854302;77.84606448;71.12129837;6.724766117;1.393554009;0.00;5.331212109;0.00;5.331212109;176.421370325387;0.0863854346641725; 0.997745118797787 ;0.00;10;0
B01;B;33409;2019-03-17;BBB;164900.62;18389.63586;8.96704106896873;115978.8519;11728.34817;48921.76804;6661.287691;79.1676328;2.459378305;76.70825449;0.02627638;71.42426344;0.089402432;5.168312238;76.68197811;232.287302393611;0.968934547832028; 0.906791005331156 ;0.00;11;0
B01;B;33409;2019-03-24;BBB;116370.2825;11603.82961;10.0286100719468;114825.5963;11439.40162;1544.686221;164.4279934;74.31689029;68.52549465;5.79139564;0.513766907;0.00;5.277628733;0.00;5.277628733;156.139870286814;0.0779283904022459; 0.999091683387814 ;0.00;12;0
B01;B;33409;2019-03-31;BBB;137394.6609;13745.22446;9.99581063953029;133629.9198;13317.128;3764.741097;428.0964594;78.58777445;71.0602517;7.527522751;1.754148446;0.00;5.773374305;0.00;5.773374305;174.902833884743;0.0957849080684839; 0.9961503378107 ;0.00;13;0
B01;B;33409;2019-04-07;BBB;170000.9967;18954.74668;8.96878230925532;117610.7853;11881.98207;52390.21141;7072.764615;81.71851489;2.536123904;79.18239099;0.00;71.46754371;0.074377503;7.640469777;79.18239099;231.951678337702;0.968965124936328; 0.906098112655871 ;0.00;14;0
B01;B;33409;2019-04-14;BBB;129422.6143;12899.91679;10.0328255140629;127135.4791;12661.58939;2287.135137;238.3274077;76.71051992;70.16886107;6.541658849;0.564464944;0.00;5.977193905;0.00;5.977193905;168.163594816631;0.0852772065138155; 0.999182273743287 ;0.00;15;0
B01;B;33409;2019-04-21;BBB;99155.83476;9876.351708;10.0397229353104;97973.32782;9756.006288;1182.506934;120.3454198;69.84860118;64.83343248;5.0151687;0.192482978;0.00;4.822685723;0.00;4.822685723;141.396556855142;0.0718005602871831; 0.999737400638455 ;0.00;16;0
B01;B;33409;2019-04-28;BBB;136751.4756;13676.20197;9.99922901840561;132514.9552;13207.89822;4236.5204;468.3037525;78.13213063;71.45173485;6.680395776;1.394323875;0.00;5.286071901;0.00;5.286071901;175.039409007858;0.0855012620561375; 0.996633164568068 ;0.00;17;0
B01;B;33409;2019-05-05;BBB;187160.2388;21090.53071;8.8741360458634;120211.1226;12124.94999;66949.11629;8965.580717;83.07405799;2.490036697;80.58402129;0.036022573;74.65872719;0.0431545;5.846117025;80.54799872;253.876254757397;0.970026302310888; 0.895079036226803 ;0.00;18;0
B01;B;33409;2019-05-12;BBB;130159.7627;12974.35452;10.0320800159544;127087.9043;12653.59148;3071.858389;320.7630328;76.92672514;70.10670812;6.820017028;0.594090335;0.00;6.225926693;0.00;6.225926693;168.658609818471;0.0886560166910545; 0.998850700353856 ;0.00;19;0
B01;B;33409;2019-05-19;BBB;108692.7105;10829.46595;10.0367562908308;106996.9702;10650.66373;1695.740293;178.8022146;71.62731822;65.66028779;5.967030431;0.394936515;0.00;5.572093916;0.00;5.572093916;151.191838800076;0.0833066290807167; 0.999076104620399 ;0.00;20;0
B01;B;33409;2019-05-26;BBB;128830.9232;12839.37354;10.034050555398;126329.6628;12579.85301;2501.260385;259.520535;76.29328543;69.77212914;6.521156293;0.482746434;0.00;6.038409859;0.00;6.038409859;168.289692436699;0.085474839053605; 0.99918640075572 ;0.00;21;0
B01;B;33409;2019-06-02;BBB;130147.6407;12969.85756;10.0346237495611;127162.2742;12660.52557;2985.366485;309.3319845;76.44879892;68.6475761;7.801222824;0.435510505;0.00;7.365712319;0.00;7.365712319;169.654170415056;0.10204506721111; 0.999066833035985 ;0.00;22;0
B01;B;33409;2019-06-09;BBB;109044.8003;10866.7415299999;10.0347284417283;109016.0154;10857.3526;28.78496469;9.388926177;72.54007418;72.14978612;0.390288065;0.390288065;0.00;0.00;0.00;0.00;149.803286705157;0.00538030970345501; 0.999399808710058 ;0.00;23;0
B01;B;33409;2019-06-16;BBB;135065.3505;13508.63173;9.99844789609939;133337.1246;13280.75694;1728.22589;227.8747968;77.81923279;75.85830325;1.960929537;1.960929537;0.00;0.00;0.00;0.00;173.589885760682;0.0251985205545741; 0.995873854964999 ;0.00;24;0
B01;B;33409;2019-06-23;BBB;168241.3435;18921.55339;8.89151857843316;114479.0557;11559.42822;53762.28787;7362.125172;81.01590384;2.510944655;78.50495918;0.084312308;70.21666922;0.043529589;8.160448068;78.42064687;233.553567795387;0.969006768535732; 0.897813754190449 ;0.00;25;0
B01;B;33409;2019-06-30;BBB;138968.7171;13881.27669;10.0112345718253;134724.0645;13433.4324;4244.652608;447.8442882;78.41091388;68.16638423;10.24452965;2.026944563;0.00;8.217585083;0.00;8.217585083;177.032456364989;0.130651833310835; 0.998227327539974 ;0.00;26;0
B01;B;33409;2019-07-07;BBB;164954.0678;18011.87699;9.15807208163706;115219.2491;11812.30028;49734.81873;6199.576716;83.72005645;0.835199282;82.88485717;1.955513579;71.54796102;0.078638512;9.302744061;80.92934359;215.144109473424;0.990023904481015; 0.938887366991021 ;0.00;27;0
B01;B;33409;2019-07-14;BBB;177286.6055;19950.28959;8.88641764823625;118452.5548;11981.81327;58834.0507;7968.476316;82.7015769;2.654926907;80.04664999;0.007626693;67.34398305;0.132628221;12.56241202;80.0390233;241.232275584337;0.967897505591577; 0.898886453569335 ;0.00;28;0
B01;B;33409;2019-07-21;BBB;117963.8495;11760.40963;10.030590192971;113159.464;11269.04823;4804.385559;491.3613985;74.74527431;60.64147535;14.10379896;0.866503071;0.00;13.23729589;0.00;13.23729589;157.339841729989;0.188691513814046; 0.998901909432473 ;0.00;29;0
B01;B;33409;2019-07-28;BBB;120592.3564;12031.37408;10.0231574214339;117806.1178;11744.68237;2786.238663;286.6917106;75.25159793;66.52583934;8.725758587;0.828009895;0.00;7.897748691;0.00;7.897748691;159.881974748121;0.115954462456954; 0.999258803002923 ;0.00;30;0
B01;B;33409;2019-08-04;BBB;103636.9949;10372.30468;9.99170368566535;98979.49221;9863.339405;4657.502672;508.9652753;71.54196625;53.34478093;18.19718531;1.57944586;0.00;16.61773945;0.00;16.61773945;144.98210244536;0.254356795931647; 0.995676604167808 ;0.00;31;0
B01;B;33409;2019-08-11;BBB;173514.0282;19679.84272;8.81684018864964;116693.8206;11807.68081;56820.2076;7872.161916;81.425478;2.621851419;78.80362658;0.00;57.96004053;0.170890925;20.67269513;78.80362658;241.691460748932;0.967800601428462; 0.892133226635954 ;0.00;32;0
B01;B;33409;2019-08-18;BBB;127364.0787;12731.32969;10.0039887271194;120445.3977;11999.79151;6918.681035;731.538182;75.47071264;58.29558067;17.17513197;1.794039878;0.00;15.38109209;0.00;15.38109209;168.692321095857;0.227573470147638; 0.996682158772291 ;0.00;33;0
B01;B;33409;2019-08-25;BBB;176046.1902;19820.20341;8.88215860141871;116914.1387;11815.75815;59132.05148;8004.445258;80.48917214;2.324910817;78.16426132;0.033690589;61.60911172;0.172191546;16.34926747;78.13057073;246.246829020995;0.97111523502868; 0.897662498747089 ;0.00;34;0
B01;B;33409;2019-09-01;BBB;162600.5166;18129.72815;8.96872337272195;123901.6004;12546.05651;38698.9162;5583.671639;80.26288279;31.06880918;49.1940736;34.28491288;0.00;14.90916072;0.00;14.90916072;225.879354438772;0.612911870219158; 0.908157036660257 ;0.00;35;0
B01;B;33409;2019-09-08;BBB;173274.3348;19594.76938;8.84288717257667;117027.0526;11857.92345;56247.28213;7736.845936;80.54023111;0.602994954;79.93723616;0.00;68.41548743;0.00;11.52174873;79.93723616;243.291695466306;0.992513121185654; 0.896017432206962 ;0.00;36;0
B01;B;33409;2019-09-15;BBB;155891.7099;16964.95233;9.18904497151629;113575.8087;11657.90463;42315.90119;5307.047704;81.25532154;2.543080665;78.71224087;0.00;63.42244931;0.08270066;15.2070909;78.71224087;208.785738687263;0.968702595450956; 0.943202704386449 ;0.00;37;0
B01;B;33409;2019-09-22;BBB;112005.7419;11188.85839;10.0104709520772;107772.0537;10747.14678;4233.688221;441.7116065;71.73681995;57.35954366;14.37727629;1.336048631;0.00;13.04122765;0.00;13.04122765;155.970928148175;0.200416972762674; 0.998255085296756 ;0.00;38;0
B01;B;33409;2019-09-29;BBB;83993.38448;8368.302093;10.037087995456;83443.95626;8307.961564;549.428224;60.34052947;61.9999697;58.71934253;3.280627173;0.535092341;0.00;2.745534832;0.00;2.745534832;134.972680365681;0.0529133673592747; 0.999326314549485 ;0.00;39;0
B01;B;33409;2019-10-06;BBB;104610.4018;10428.4395;10.0312613215045;85727.07862;8531.965822;18883.32319;1896.473679;68.73282362;2.665500177;66.06732344;0.042563874;64.31044249;0.00;1.714317083;66.02475957;151.724299261372;0.961219399413348; 0.998358746435339 ;0.00;40;0
B01;B;33409;2019-10-13;BBB;99062.64643;9879.221497;10.027373762202;94954.06548;9457.985607;4108.580947;421.2358897;68.11526858;47.82264351;20.29262507;0.645765037;12.32525733;7.103724099;0.217878606;19.64686004;145.036813374626;0.297915951783508; 0.998785636396913 ;0.00;41;0
B01;B;33409;2019-10-20;BBB;151231.1797;16840.17218;8.98038203431243;107028.2246;10849.70505;44202.95505;5990.46713;77.74172304;2.465997845;75.2757252;0.065839835;64.88864582;0.300239053;10.02100049;75.20988536;216.616914592121;0.968279609152331; 0.910362632592981 ;0.00;42;0
B01;B;33409;2019-10-27;BBB;150455.6269;16974.39035;8.86368369041307;106327.3204;10815.82817;44128.30654;6158.562181;76.71813242;1.340916759;75.37721567;1.145841348;64.34092105;0.425756689;9.46469658;74.23137432;221.256563664405;0.982521514696695; 0.901631672726131 ;0.00;43;0
B01;B;33409;2019-11-03;BBB;92321.78902;9199.732327;10.0352690424533;77098.23322;7669.112218;15223.55581;1530.620109;65.47070238;2.462015643;63.00868674;0.036714935;54.84235314;0.256666238;7.872952428;62.9719718;140.516780675479;0.962395154618776; 0.998227860874394 ;0.00;44;0
B01;B;33409;2019-11-10;BBB;104810.6798;10440.3977;10.0389547229604;103916.284;10347.41528;894.3958112;92.98242291;67.94797721;63.41406334;4.533913867;0.614188331;0.00;3.919725537;0.00;3.919725537;153.652810998816;0.0667262522471786; 0.999624211885681 ;0.00;45;0
B01;B;33409;2019-11-17;BBB;104656.1015;10433.29456;10.0309735240524;101787.7574;10142.6628;2868.344042;290.6317599;67.91765948;56.87640038;11.0412591;0.39970588;0.00;10.64155322;0.00;10.64155322;153.616815418563;0.162568309693466; 0.999538496661988 ;0.00;46;0
B01;B;33409;2019-11-24;BBB;104428.6481;10415.20198;10.0265600514067;101539.8661;10119.58066;2888.782036;295.6213179;68.2751679;58.30102886;9.974139032;0.482079042;0.00;9.49205999;0.00;9.49205999;152.547438554157;0.146087359999008; 0.999258587583895 ;0.00;47;0
B01;B;33409;2019-12-01;BBB;141740.1629;16029.6019;8.84240068993853;101153.4984;10280.38974;40586.66447;5749.21216;74.48106086;2.639594244;71.84146662;0.018719431;61.71853613;0.357246918;9.746964138;71.82274718;215.217153393269;0.964560195444026; 0.898667142191624 ;0.00;48;0
B01;B;33409;2019-12-08;BBB;110167.7171;10985.17063;10.0287670360929;107072.0048;10660.59735;3095.712267;324.5732831;70.08831691;59.85646916;10.23184775;0.838359655;0.00;9.393488097;0.00;9.393488097;156.733263321275;0.145985068569112; 0.998511679018635 ;0.00;49;0
B01;B;33409;2019-12-15;BBB;121316.0561;12085.30407;10.0383122673057;118033.2479;11753.59787;3282.808228;331.7062037;72.18732893;61.76492084;10.42240809;0.237948941;0.00;10.18445915;0.00;10.18445915;167.415864378624;0.144380021320731; 0.999602127218929 ;0.00;50;0
B01;B;33409;2019-12-22;BBB;125539.7223;12515.23254;10.0309540313184;121929.2329;12148.6788;3610.489393;366.5537399;73.03210813;61.40490201;11.62720612;0.491168793;0.00;11.13603733;0.00;11.13603733;171.366168394351;0.159206771072569; 0.999455468435514 ;0.00;51;0
B01;B;33409;2019-12-29;BBB;126408.1856;12607.44779;10.0264690923618;125769.9192;12536.64882;638.2663263;70.79897074;72.25200473;70.65707715;1.594927587;0.523440105;0.00;1.071487482;0.00;1.071487482;174.492705594994;0.0220745098071689; 0.999430728071296 ;0.00;52;0
B01;B;33409;2020-01-05;BBB;134995.305;13453.10408;10.034509819982;134446.0527;13390.04224;549.2522512;63.06184106;74.7569316;72.97495621;1.781975389;0.744658869;0.00;1.03731652;0.00;1.03731652;179.957948942891;0.0238369252303555; 0.999378618032523 ;0.00;1;0
B01;B;33409;2020-01-12;BBB;195422.5752;22264.85101;8.77717866210864;129725.3191;13125.4384;65697.25608;9139.412607;80.82196379;2.713356223;78.10860756;0.00;77.24194525;0.03796931;0.828693009;78.10860756;275.480203226079;0.966427984389861; 0.888063476386556 ;0.00;2;0
B01;B;33409;2020-01-19;BBB;134235.838;13391.34781;10.0240722520671;133430.1563;13292.41712;805.681733;98.93068695;75.0362977;73.1976346;1.838663098;0.966540573;0.00;0.872122525;0.00;0.872122525;178.46493257889;0.0245036489586826; 0.998605962177784 ;0.00;3;0
B01;B;33409;2020-01-26;BBB;169268.1017;19051.7644;8.88464176577787;121305.7038;12330.70279;47962.3979;6721.061611;79.58191187;2.539857632;77.04205424;0.00;75.8816959;0.002451451;1.157906884;77.04205424;239.398174187141;0.968084988531704; 0.903122224079852 ;0.00;4;0
B01;B;33409;2020-02-02;BBB;140301.5862;13983.25544;10.0335423894681;139205.603;13862.81115;1095.983245;120.4442847;75.85608366;73.18571996;2.670363701;0.663672657;0.00;2.006691043;0.00;2.006691043;184.339274654296;0.0352030262064283; 0.999191845106378 ;0.00;5;0
B01;B;33409;2020-02-09;BBB;177139.5402;19989.24093;8.86174421631727;124495.157;12621.96459;52644.38315;7367.276336;79.63891882;2.41855742;77.2203614;0.00;70.70295716;0.03177658;6.485627663;77.2203614;250.998396590236;0.969630961145185; 0.89844958148849 ;0.00;6;0
B01;B;33409;2020-02-16;BBB;131330.2194;13107.04667;10.0198177901201;128604.4936;12813.87279;2725.725894;293.1738787;74.3982215;67.27631319;7.121908308;0.870044256;0.00;6.251864053;0.00;6.251864053;176.174193491977;0.0957268623417295; 0.998352910909311 ;1.85714285714286;7;0
B01;B;33409;2020-02-23;BBB;104423.0847;10412.49284;10.0286344782735;102709.887;10237.55321;1713.197698;174.9396308;69.79239217;63.43822247;6.354169694;0.218669727;0.00;6.135499967;0.00;6.135499967;149.192376364422;0.0910438730703275; 0.999598793200557 ;4.85714285714286;8;0
B01;B;33409;2020-03-01;BBB;164044.8766;16332.2085;10.0442555947042;159631.9427;15879.62837;4412.933902;452.5801335;77.26568479;70.16040271;7.105282077;0.4771193;0.00;6.628162778;0.00;6.628162778;211.377256855863;0.0919590902004093; 0.999167481140954 ;7.92857142857143;9;0
B01;B;33409;2020-03-08;BBB;226817.9676;25707.50937;8.82302382294143;134180.9589;13515.60731;92637.00871;12191.90207;82.27594514;1.221013379;81.05493176;1.265878202;73.82741456;0.00;5.961639005;79.78905356;312.454743926142;0.985159533835529; 0.888714212919903 ;9.21428571428571;10;0
B01;B;33409;2020-03-15;BBB;233606.1235;23307.83119;10.0226452472432;226308.6527;22550.02241;7297.470807;757.8087777;83.00016199;77.16375568;5.836406311;0.664191945;0.00;5.172214366;0.00;5.172214366;280.81669518679;0.0703180110865709; 0.99868419627958 ;-6.71428571428571;11;0
B01;B;33409;2020-03-22;BBB;168146.8426;16783.58631;10.0185287872482;167852.938;16746.54501;293.9045748;37.0412974;78.00526993;77.6967063;0.308563625;0.308563625;0.00;0.00;0.00;0.00;215.159646586201;0.00395567665206335; 0.999540104979472 ;-27.8571428571429;12;0
B01;B;33409;2020-03-29;BBB;105505.7557;10521.19612;10.0279240588854;105475.3723;10515.53256;30.38336109;5.663559272;67.25018705;66.99172531;0.25846175;0.25846175;0.00;0.00;0.00;0.00;156.448577788751;0.00384328670800329; 0.99974960648152 ;-28.5;13;0
B01;B;33409;2020-04-05;BBB;87705.00943;8748.142761;10.025557632758;87690.62925;8744.481012;14.38017134;3.661749619;65.07281607;64.86789215;0.204923922;0.204923922;0.00;0.00;0.00;0.00;134.436209915819;0.00314914789886394; 0.999745344561591 ;-28.8571428571429;14;0
B01;B;33409;2020-04-12;BBB;77299.71793;7719.769053;10.0132163798294;77250.90664;7708.930108;48.81128817;10.83894486;61.65553245;61.41714413;0.238388319;0.238388319;0.00;0.00;0.00;0.00;125.208051025436;0.00386645463151782; 0.999226916366268 ;-31.7857142857143;15;0
B01;B;33409;2020-04-19;BBB;101837.734;11305.62633;9.00770386597414;79609.19572;8167.851195;22228.53826;3137.775133;67.89468872;1.097362696;66.79732602;0.02693763;66.77038839;0.00;0.00;66.77038839;166.517094976675;0.983837282110158; 0.924184500552859 ;-27.5;16;0
B01;B;33409;2020-04-26;BBB;87874.03352;8781.8981;10.0062688634476;87638.52245;8749.255412;235.5110744;32.64268762;65.96106339;65.3776201;0.583443294;0.583443294;0.00;0.00;0.00;0.00;133.137606470598;0.00884526816298193; 0.998960269525242 ;-22.5;17;0
B01;B;33409;2020-05-03;BBB;91240.39642;9107.470994;10.0181923697708;74366.7154;7414.854757;16873.68101;1692.616237;67.03869923;1.316677859;65.72202137;0.00;65.72202137;0.00;0.00;65.72202137;135.853933602643;0.980359436040328; 0.998880224169967 ;-16.8571428571429;18;0
B01;B;33409;2020-05-10;BBB;91811.26534;9163.608894;10.0191165295274;74122.04031;7392.515192;17689.22503;1771.093702;66.82692229;1.42317088;65.40375141;0.027789787;65.37596162;0.00;0.00;65.37596162;137.124508805506;0.978703629746346; 0.999250301869485 ;-17;19;0
B01;B;33409;2020-05-17;BBB;90930.75089;9077.407212;10.0172602998126;90836.54011;9064.187199;94.21078004;13.22001373;67.04569599;66.72522019;0.320475797;0.320475797;0.00;0.00;0.00;0.00;135.39134881013;0.00477996077552539; 0.999579271388568 ;-14.3571428571429;20;0
B01;B;33409;2020-05-24;BBB;96273.603;9605.077035;10.0231994651566;96194.56716;9593.612694;79.03584029;11.46434028;67.94700046;67.82449762;0.122502842;0.122502842;0.00;0.00;0.00;0.00;141.36131057992;0.00180291758533354; 0.999627073153518 ;-13.5;21;0
B01;B;33409;2020-05-31;BBB;90676.1843;9057.034816;10.011685517628;90540.23643;9036.875957;135.9478687;20.15885939;66.84266867;66.37451437;0.468154306;0.468154306;0.00;0.00;0.00;0.00;135.497803965821;0.00700382428342683; 0.999272408717937 ;-9.92857142857143;22;0
B01;B;33409;2020-06-07;BBB;86676.11341;8656.864656;10.0124140614727;86592.18354;8642.693072;83.92986595;14.17158403;64.55976517;64.24424807;0.315517105;0.315517105;0.00;0.00;0.00;0.00;134.090708558257;0.00488720961374587; 0.999330633614433 ;-8.57142857142857;23;0
B01;B;33409;2020-06-14;BBB;98025.57512;9792.27478;10.0105008613739;97973.3249;9782.249513;52.2502136;10.02526776;68.13604668;67.80175458;0.334292094;0.334292094;0.00;0.00;0.00;0.00;143.716509206783;0.00490624434919152; 0.999508971202231 ;-6.85714285714286;24;0
B01;B;34462;2019-01-06;BBB;219437.968;7626.028814;28.7748674116143;216496.8561;7477.218853;2941.11188;148.8099608;56.44961022;53.61457545;2.835034766;2.807351289;0.00;0.027683477;0.00;0.027683477;135.09444590103;0.0502223975497984; 0.993806492059714 ;0.00;1;0
B01;B;34462;2019-01-13;BBB;330005.1051;13095.6604;25.1995771897078;201714.068;7177.130342;128291.0372;5918.530056;71.23102047;0.615270161;70.61575031;1.42878366;69.14947846;0.00;0.037488187;69.18696665;183.847715694533;0.991362328435837; 0.896618921263454 ;0.00;2;0
B01;B;34462;2019-01-20;BBB;285231.297;9888.254998;28.8454633358152;188328.4543;6491.379137;96902.84264;3396.875861;62.54311644;1.796890513;60.74622593;0.00;60.74622593;0.00;0.00;60.74622593;158.103010544513;0.971269571900469; 0.994256760568598 ;0.00;3;0
B01;B;34462;2019-01-27;BBB;219932.97;7612.865034;28.889645227881;217641.575;7501.90462;2291.394974;110.9604136;55.4008961;54.07294207;1.327954028;1.327954028;0.00;0.00;0.00;0.00;137.4141136681;0.0239699015987577; 0.995799460673823 ;0.00;4;0
B01;B;34462;2019-02-03;BBB;265728.5556;9164.779835;28.994537826778;186929.3047;6436.283561;78799.25091;2728.496274;61.46008475;1.66777345;59.7923113;0.00;59.76633865;0.00;0.025972646;59.7923113;149.11759188552;0.972864120562411; 0.998329649130096 ;0.00;5;0
B01;B;34462;2019-02-10;BBB;308396.0977;10663.55903;28.92055990241;201167.7938;6927.471471;107228.3039;3736.087562;65.44458943;1.630147493;63.81444194;0.00;63.78889046;0.00;0.025551481;63.81444194;162.940269361852;0.975091180123552; 0.995916641848124 ;0.00;6;0
B01;B;34462;2019-02-17;BBB;230996.91;7976.975271;28.9579573901628;229853.1521;7920.426435;1143.757838;56.54883603;57.9933623;56.63170767;1.361654624;1.361654624;0.00;0.00;0.00;0.00;137.549798022316;0.0234794909278781; 0.997851755006013 ;0.00;7;0
B01;B;34462;2019-02-24;BBB;205454.501;7097.024479;28.9493859867522;204646.6252;7050.827971;807.8757589;46.19650839;54.67462859;53.64332855;1.031300033;1.031300033;0.00;0.00;0.00;0.00;129.804713118765;0.0188624972788315; 0.997412687647232 ;0.00;8;0
B01;B;34462;2019-03-03;BBB;223173.7606;7735.4941;28.8506148042954;220419.0507;7613.1623;2754.709936;122.3318003;57.09632442;54.14902293;2.947301493;2.291000226;0.00;0.656301267;0.00;0.656301267;135.481472381616;0.0516198113090377; 0.996485613481882 ;0.00;9;0
B01;B;34462;2019-03-10;BBB;277508.0135;10989.81601;25.2513793904726;188962.9978;6800.400604;88545.01571;4189.415401;66.66999092;0.674950212;65.99504071;1.132699047;64.8380682;0.00;0.02427346;64.86234166;164.839020650042;0.989876251658562; 0.908746673465418 ;0.00;10;0
B01;B;34462;2019-03-17;BBB;248342.6999;8589.881472;28.9110741177873;172786.3164;5956.549794;75556.38354;2633.331678;60.23370482;1.708447018;58.5252578;0.00;58.50121937;0.00;0.024038436;58.5252578;142.609216844118;0.971636361649919; 0.996666033333092 ;0.00;11;0
B01;B;34462;2019-03-24;BBB;202196.492;6978.102655;28.9758551853806;201535.2977;6946.300662;661.1943584;31.80199269;54.03764307;53.09158564;0.946057438;0.946057438;0.00;0.00;0.00;0.00;129.134104645545;0.0175073778990413; 0.998708436453836 ;0.00;12;0
B01;B;34462;2019-03-31;BBB;225642.6009;7797.206127;28.9389041696165;157767.7833;5437.321264;67874.81763;2359.884863;56.6673849;1.789176385;54.87820851;0.09138352;54.78682499;0.00;0.00;54.78682499;137.59601119338;0.968426699182302; 0.997352664194491 ;0.00;13;0
B01;B;34462;2019-04-07;BBB;213194.5746;7362.405571;28.9571896772107;211864.1625;7297.846824;1330.412114;64.55874746;54.83998112;53.70272377;1.137257352;1.137257352;0.00;0.00;0.00;0.00;134.252518338577;0.0207377414939562; 0.997455785934526 ;0.00;14;0
B01;B;34462;2019-04-14;BBB;264222.6654;9120.107653;28.9714415062947;168516.0128;5803.342269;95706.65262;3316.765384;59.76339057;1.653352625;58.11003795;0.083473953;58.02656399;0.00;0.00;58.02656399;152.603585004397;0.972335026439582; 0.997716408629276 ;0.00;15;0
B01;B;34462;2019-04-21;BBB;201440.333;6950.475923;28.9822359262347;200002.2046;6886.638578;1438.128309;63.83734443;53.30696006;52.35288898;0.95407108;0.95407108;0.00;0.00;0.00;0.00;130.385899236738;0.017897683134175; 0.997939919739792 ;0.00;16;0
B01;B;34462;2019-04-28;BBB;217925.8601;7513.860915;29.0031799317648;152827.1262;5261.539476;65098.73387;2252.32144;56.32364759;1.509005887;54.8146417;0.036138613;54.77850309;0.00;0.00;54.77850309;133.405083592882;0.9732083067314; 0.998522840381144 ;0.00;17;0
B01;B;34462;2019-05-05;BBB;205812.8029;7097.338315;28.9985898607963;145880.8323;5020.695681;59931.97057;2076.642634;55.24441923;1.636934172;53.60748506;0.087840749;53.51964431;0.00;0.00;53.51964431;128.47158887582;0.970369239231479; 0.99802758576111 ;0.00;18;0
B01;B;34462;2019-05-12;BBB;170256.7993;5871.498001;28.9971655054643;169484.0906;5836.199959;772.7087408;35.2980417;49.90807719;49.2218291;0.686248091;0.686248091;0.00;0.00;0.00;0.00;117.64624749311;0.0137502410358839; 0.998520011730865 ;0.00;19;0
B01;B;34462;2019-05-19;BBB;191426.5211;6629.755656;28.8738425716726;189337.8495;6533.326724;2088.671651;96.42893122;52.70563531;50.20854956;2.497085746;2.497085746;0.00;0.00;0.00;0.00;125.788364318267;0.0473779650185949; 0.996326132340895 ;0.00;20;0
B01;B;34462;2019-05-26;BBB;272820.5808;10818.00896;25.2191121128448;165345.7907;5907.205277;107474.7901;4910.803687;65.83667615;0.599762668;65.23691348;1.01111538;64.2257981;0.00;0.00;64.2257981;164.315843274843;0.990890143532861; 0.900987388451561 ;0.00;21;0
B01;B;34462;2019-06-02;BBB;241091.5747;8325.99443;28.9564900297441;157725.0917;5428.142377;83366.48295;2897.852053;58.80835472;1.727023215;57.08133151;0.00;56.99244827;0.00;0.088883243;57.08133151;141.57842826316;0.970633029639704; 0.996543726337437 ;0.00;22;0
B01;B;34462;2019-06-09;BBB;205033.9106;7097.535709;28.8880421327092;202518.944;6986.599784;2514.966623;110.9359249;54.16653248;51.81972297;2.346809511;2.346809511;0.00;0.00;0.00;0.00;131.0317530778;0.0433258213799548; 0.996594120718746 ;0.00;23;0
B01;B;34462;2019-06-16;BBB;223454.1534;8845.237332;25.2626520931886;163402.1082;5931.708685;60052.0452;2913.528647;60.44887186;1.772944251;58.67592761;0.00;58.61465464;0.00;0.061272963;58.67592761;146.325929001382;0.970670350075248; 0.917067071398411 ;0.00;24;0
B01;B;34462;2019-06-23;BBB;195207.96;6740.163809;28.9619014510215;194258.6956;6695.198732;949.2644454;44.96507692;53.47282767;52.2080493;1.264778378;1.264778378;0.00;0.00;0.00;0.00;126.048389484767;0.0236527304261035; 0.998182785446378 ;0.00;25;0
B01;B;34462;2019-06-30;BBB;232863.3949;8039.677725;28.9642698209026;167826.1376;5777.26144;65037.25727;2262.416285;58.50907541;1.796855245;56.71222016;0.052502831;56.65971733;0.00;0.00;56.65971733;137.409071475874;0.969289289953591; 0.997068523217067 ;0.00;26;0
B01;B;34462;2019-07-07;BBB;254818.379;8792.595536;28.9810190809623;175060.2946;6028.705354;79758.08443;2763.890182;61.10447905;1.943842731;59.16063632;0.00;59.16063632;0.00;0.00;59.16063632;143.894452136729;0.968188212055463; 0.998044846759749 ;0.00;27;0
B01;B;34462;2019-07-14;BBB;255885.0303;8828.50092;28.9839727739418;173236.5865;5964.772969;82648.44377;2863.727951;60.47772443;1.589545877;58.88817856;0.099207959;58.7889706;0.00;0.00;58.7889706;145.979383371452;0.973716837315203; 0.997957884238501 ;0.00;28;0
B01;B;34462;2019-07-21;BBB;202395.5278;7004.180458;28.8963896652361;199990.2778;6900.726339;2405.249933;103.4541191;54.53730699;52.00768727;2.529619718;2.459633936;0.00;0.069985782;0.00;0.069985782;128.429158764372;0.0463832898544813; 0.997078855324747 ;0.00;29;0
B01;B;34462;2019-07-28;BBB;268663.5695;10669.18019;25.1812758539604;181083.0739;6524.754127;87580.49564;4144.426062;65.83508094;1.179717229;64.65536371;0.266397633;64.3825324;0.00;0.006433678;64.38896607;162.059194545892;0.982080720291433; 0.907327394066584 ;0.00;30;0
B01;B;34462;2019-08-04;BBB;196047.3234;6791.221256;28.8677567715517;194526.189;6716.326227;1521.134391;74.89502843;53.21474151;50.31912205;2.895619458;2.895619458;0.00;0.00;0.00;0.00;127.619172118384;0.0544138593148265; 0.99670524013314 ;0.00;31;0
B01;B;34462;2019-08-11;BBB;233331.2362;8059.370088;28.9515475343934;165820.1813;5711.790965;67511.0549;2347.579123;58.66792844;1.832433688;56.83549475;0.080306027;56.71607487;0.00;0.039113856;56.75518872;137.372671957258;0.968766006594659; 0.997256101961072 ;0.00;32;0
B01;B;34462;2019-08-18;BBB;204004.5592;7039.035033;28.981892865087;203006.2571;6995.040785;998.3021277;43.99424817;55.07156335;53.74225032;1.329313031;1.219731014;0.00;0.109582017;0.00;0.109582017;127.816146933479;0.0241379207369097; 0.998636817967243 ;0.00;33;0
B01;B;34462;2019-08-25;BBB;223796.7692;7733.574305;28.9383356742701;162204.926;5588.694978;61591.84319;2144.879327;58.09446061;1.718715947;56.37574466;0.026412849;56.28419461;0.00;0.065137198;56.34933181;133.120683517781;0.97041514919059; 0.997056841877118 ;0.00;34;0
B01;B;34462;2019-09-01;BBB;229474.0506;7926.88892;28.9488162273882;166053.3612;5719.712936;63420.68939;2207.175984;58.97355837;1.485614556;57.48794381;0.089444431;57.39849938;0.00;0.00;57.39849938;134.414289032158;0.974808802435165; 0.997142830841289 ;0.00;35;0
B01;B;34462;2019-09-08;BBB;178255.8734;6167.533033;28.9022973117816;176260.4773;6077.317981;1995.39612;90.21505142;51.16027485;48.74742072;2.412854135;2.412854135;0.00;0.00;0.00;0.00;120.553164561429;0.0471626499676633; 0.99652771759003 ;0.00;36;0
B01;B;34462;2019-09-15;BBB;202936.5145;8015.703722;25.317367200464;151861.0944;5527.347216;51075.42005;2488.356506;58.66352974;1.673224184;56.99030555;0.040021711;56.95028384;0.00;0.00;56.95028384;136.638619556751;0.971477608022977; 0.921486043972131 ;0.00;37;0
B01;B;34462;2019-09-22;BBB;185680.6665;6451.749582;28.7798935994103;183362.2076;6338.094954;2318.458928;113.6546278;51.68260278;49.19671736;2.485885421;2.485885421;0.00;0.00;0.00;0.00;124.83406862196;0.0480990756518552; 0.994805313410065 ;0.00;38;0
B01;B;34462;2019-09-29;BBB;204098.2292;7061.849394;28.9015267549332;151376.6986;5218.953317;52721.53066;1842.896077;55.45541864;1.724240808;53.73117783;0.036847555;53.69433028;0.00;0.00;53.69433028;127.342820001836;0.968907622513983; 0.996426268501161 ;0.00;39;0
B01;B;34462;2019-10-06;BBB;250756.2127;9939.597355;25.2280050935725;172540.3402;6209.101913;78215.87251;3730.495442;64.68420437;0.474700077;64.20950429;1.292537789;62.9169665;0.00;0.00;62.9169665;153.66343996665;0.992661267389413; 0.907864528991318 ;0.00;40;0
B01;B;34462;2019-10-13;BBB;200052.2189;6911.873602;28.943269281156;199049.6815;6860.117432;1002.53747;51.75616967;54.14416479;52.67075584;1.473408957;1.473408957;0.00;0.00;0.00;0.00;127.656851459579;0.0272127008093054; 0.99751089596558 ;0.00;41;0
B01;B;34462;2019-10-20;BBB;174489.3266;6024.194072;28.9647585244661;173781.5431;5987.710724;707.7835847;36.4833484;50.66551631;49.38476325;1.280753061;1.280753061;0.00;0.00;0.00;0.00;118.901266793387;0.0252785948763186; 0.99799203149679 ;0.00;42;0
B01;B;34462;2019-10-27;BBB;195295.8242;7728.048959;25.2710386846813;147186.5569;5374.200613;48109.26732;2353.848346;57.8900749;0.77402297;57.11605193;1.279831477;55.83622045;0.00;0.00;55.83622045;133.495231649804;0.986629435678965; 0.922717634346408 ;0.00;43;0
B01;B;34462;2019-11-03;BBB;171186.7996;5915.841153;28.9370176062265;170376.9749;5872.856959;809.824677;42.9841932;50.38314849;48.89990451;1.48324398;1.48324398;0.00;0.00;0.00;0.00;117.417059677685;0.0294392872310152; 0.997452650636496 ;0.00;44;0
B01;B;34462;2019-11-10;BBB;183462.0541;6329.886916;28.9834647181871;183047.5137;6308.899616;414.5404208;20.98730041;51.67084871;50.76762267;0.903226049;0.903226049;0.00;0.00;0.00;0.00;122.504024494085;0.0174803795863565; 0.998941562957269 ;0.00;45;0
B01;B;34462;2019-11-17;BBB;284278.8426;11271.74396;25.2204843907757;168210.3957;6001.20525;116068.447;5270.538715;67.09653247;1.778314042;65.31821843;0.324590749;64.99362768;0.00;0.00;64.99362768;167.992943078538;0.973496185651693; 0.89978566843991 ;0.00;46;0
B01;B;34462;2019-11-24;BBB;203175.1979;7025.708823;28.9188184450325;202018.1663;6969.863741;1157.03159;55.84508196;54.19817093;52.61221393;1.585956998;1.585956998;0.00;0.00;0.00;0.00;129.629998622538;0.0292621867267136; 0.997733163329847 ;0.00;47;0
B01;B;34462;2019-12-01;BBB;206939.515;7139.590575;28.9847874084853;153095.7503;5272.841548;53843.7647;1866.749027;54.80447753;1.717099159;53.08737837;0.00;53.08737837;0.00;0.00;53.08737837;130.273855290232;0.968668633706798; 0.998278469571657 ;0.00;48;0
B01;B;34462;2019-12-08;BBB;190880.3524;6589.756978;28.9662203078591;189673.2319;6534.189372;1207.120536;55.56760632;52.32697631;51.20016568;1.126810631;1.126810631;0.00;0.00;0.00;0.00;125.934220600869;0.0215340291081306; 0.997878124322842 ;0.00;49;0
B01;B;34462;2019-12-15;BBB;256796.9881;8860.453273;28.9823759787238;172602.0257;5943.901907;84194.96244;2916.551366;60.24515741;1.70183568;58.54332173;0.119839356;58.42348237;0.00;0.00;58.42348237;147.073286118251;0.971751494175406; 0.998067080329332 ;0.00;50;0
B01;B;34462;2019-12-22;BBB;250833.5518;8660.912822;28.9615606293653;171607.8044;5908.48323;79225.74737;2752.429592;60.12399803;1.881095904;58.24290213;0.027117213;58.21578492;0.00;0.00;58.21578492;144.050846679864;0.968713060314762; 0.997151008903842 ;0.00;51;0
B01;B;34462;2019-12-29;BBB;176114.8263;6079.384762;28.9691857309031;175482.3065;6050.306259;632.5198048;29.07850303;50.21174861;49.26230731;0.949441306;0.949441306;0.00;0.00;0.00;0.00;121.07494620869;0.0189087480974704; 0.99880409165819 ;0.00;52;0
B01;B;34462;2020-01-05;BBB;178984.8467;6182.160618;28.9518273237462;178297.3656;6148.72063;687.4811466;33.43998829;50.35791202;49.37317159;0.984740432;0.984740432;0.00;0.00;0.00;0.00;122.764435021546;0.0195548304625677; 0.998425845175337 ;0.00;1;0
B01;B;34462;2020-01-12;BBB;247630.1416;9798.6421;25.2718834990412;163228.1293;5868.189272;84402.01229;3930.452827;63.29705842;1.477934215;61.8191242;0.110264069;61.70886013;0.00;0.00;61.70886013;154.804067433628;0.97665082300992; 0.908545581379198 ;0.00;2;0
B01;B;34462;2020-01-19;BBB;209745.5793;7252.841939;28.9190886915866;150386.3898;5182.417908;59359.18948;2070.424031;54.88315857;1.539942681;53.34321589;0.039547003;53.30366888;0.00;0.00;53.30366888;132.150592786118;0.971941434856817; 0.996571586814691 ;0.00;3;0
B01;B;34462;2020-01-26;BBB;172317.3238;5950.565048;28.9581447156714;171740.3817;5922.705097;576.9420899;27.85995162;49.40487357;48.52642713;0.878446441;0.878446441;0.00;0.00;0.00;0.00;120.44489982489;0.0177805624733633; 0.998661756829964 ;0.00;4;0
B01;B;34462;2020-02-02;BBB;196147.6416;6771.34899;28.967291730152;195224.5548;6723.967743;923.0868133;47.38124667;52.5429549;51.47636462;1.06659028;1.06659028;0.00;0.00;0.00;0.00;128.872633883786;0.0202993965990291; 0.997697935053059 ;0.00;5;0
B01;B;34462;2020-02-09;BBB;241143.1756;8322.050015;28.9764150858687;165276.6623;5690.474328;75866.51327;2631.575687;58.16733842;1.722054289;56.44528413;0.00;56.44528413;0.00;0.00;56.44528413;143.070840802621;0.97039482402365; 0.997657768913015 ;0.00;6;0
B01;B;34462;2020-02-16;BBB;178083.0355;6137.704951;29.0145969742298;177547.1884;6113.599376;535.8470767;24.10557527;49.6470605;49.11921098;0.527849524;0.527849524;0.00;0.00;0.00;0.00;123.626754317106;0.0106320398163351; 0.999078743826184 ;1.85714285714286;7;0
B01;B;34462;2020-02-23;BBB;182155.8239;6282.255545;28.9952904009097;136077.2721;4685.799408;46078.55173;1596.456137;50.68063884;1.436535366;49.24410347;0.131594049;49.11250942;0.00;0.00;49.11250942;123.957702365064;0.971655144787437; 0.99844825295679 ;4.85714285714286;8;0
B01;B;34462;2020-03-01;BBB;194004.8539;6688.872755;29.0041178844342;193181.002;6650.366628;823.8518735;38.50612692;52.25301366;51.46192255;0.791091113;0.791091113;0.00;0.00;0.00;0.00;128.009320161382;0.0151396265514459; 0.998483368738398 ;7.92857142857143;9;0
B01;B;34462;2020-03-08;BBB;263478.2662;9142.460275;28.8191863322042;165511.5849;5712.064356;97966.68134;3430.395919;60.67824609;1.723467248;58.95477884;0.100648946;58.85412989;0.00;0.00;58.85412989;150.67113610106;0.971596620517942; 0.994595315588124 ;9.21428571428571;10;0
B01;B;34462;2020-03-15;BBB;267426.7852;9238.564701;28.946789231346;165631.4388;5703.073721;101795.3464;3535.49098;60.3701479;1.605357474;58.76479042;0.179163808;58.58562662;0.00;0.00;58.58562662;153.032003769532;0.973408090987963; 0.996704938196885 ;-6.71428571428571;11;0
B01;B;34462;2020-03-22;BBB;247227.4954;8531.961466;28.9766305655746;245740.5794;8470.015679;1486.916018;61.94578686;56.75819379;55.8709076;0.887286196;0.887286196;0.00;0.00;0.00;0.00;150.321229346506;0.0156327419311981; 0.998746384558282 ;-27.8571428571429;12;0
B01;B;34462;2020-03-29;BBB;191259.2785;6600.470415;28.9766132524965;134870.7138;4649.579525;56388.56462;1950.890891;48.66342533;0.920390047;47.74303528;0.040818647;47.70221664;0.00;0.00;47.70221664;135.635138098899;0.981086616000444; 0.998949763715504 ;-28.5;13;0
B01;B;34462;2020-04-05;BBB;163297.7363;5635.640976;28.9758941343889;162709.1085;5608.641298;588.6278431;26.99967762;44.79194581;44.2232991;0.568646705;0.568646705;0.00;0.00;0.00;0.00;125.818177221089;0.0126952891801599; 0.998809458098712 ;-28.8571428571429;14;0
B01;B;34462;2020-04-12;BBB;194255.9231;6711.659958;28.9430519894643;130805.8911;4511.023846;63450.03207;2200.636113;49.11230325;0.408339741;48.70396351;0.00;48.70396351;0.00;0.00;48.70396351;136.659442010592;0.99168559173612; 0.998141571473085 ;-31.7857142857143;15;0
B01;B;34462;2020-04-19;BBB;189026.7789;6530.34015;28.9459315377316;129476.595;4464.908317;59550.18392;2065.431833;49.11737144;0.565874164;48.55149727;0.00;48.55149727;0.00;0.00;48.55149727;132.953779051007;0.988479143866824; 0.998179867690608 ;-27.5;16;0
B01;B;34462;2020-04-26;BBB;184979.9384;6378.467409;29.0006872401658;184078.7413;6337.949716;901.1971147;40.51769343;50.03215706;49.27930722;0.752849838;0.752849838;0.00;0.00;0.00;0.00;127.487355809;0.0150473192090671; 0.998512354873505 ;-22.5;17;0
B01;B;34462;2020-05-03;BBB;183052.6671;6320.99928;28.9594507120399;182180.7087;6278.802042;871.9583996;42.19723787;48.96789523;48.01885308;0.949042145;0.949042145;0.00;0.00;0.00;0.00;129.084561431741;0.0193809053981673; 0.998078553780236 ;-16.8571428571429;18;0
B01;B;34462;2020-05-10;BBB;207667.7317;7175.894954;28.9396281622324;205885.5093;7096.492056;1782.22246;79.40289819;53.25384259;51.83731349;1.416529102;1.416529102;0.00;0.00;0.00;0.00;134.748867030066;0.0265995660239172; 0.997495365531663 ;-17;19;0
B01;B;34462;2020-05-17;BBB;182920.3851;6313.233701;28.9741190906692;182129.7814;6276.397708;790.6037765;36.83599263;48.72405906;47.81192488;0.912134178;0.912134178;0.00;0.00;0.00;0.00;129.571177418239;0.0187204062140384; 0.998480826442123 ;-14.3571428571429;20;0
B01;B;34462;2020-05-24;BBB;225968.2962;7817.129045;28.9068141128531;153253.7061;5287.063099;72714.59013;2530.065945;55.0504407;0.615751089;54.43468961;0.128878331;54.30581128;0.00;0.00;54.30581128;141.999390842297;0.988814783638962; 0.997249293964827 ;-13.5;21;0
B01;B;34462;2020-05-31;BBB;225243.7314;8923.341458;25.242083636513;157267.2649;5689.264445;67976.46647;3234.077013;57.95438742;0.230653998;57.72373342;0.680354976;57.04337845;0.00;0.00;57.04337845;153.97180188157;0.996020076990402; 0.913151818607928 ;-9.92857142857143;22;0
B01;B;34462;2020-06-07;BBB;183600.0707;6360.852623;28.8640661215961;181842.8705;6277.836065;1757.200173;83.01655835;48.90565372;46.65780802;2.247845702;2.247845702;0.00;0.00;0.00;0.00;130.063748036533;0.0459629006263695; 0.996486003451539 ;-8.57142857142857;23;0
B01;B;34462;2020-06-14;BBB;206026.9663;7118.056819;28.944271103605;149309.1088;5146.141169;56717.85749;1971.91565;51.70593204;0.857969382;50.84796266;0.021147053;50.82681561;0.00;0.00;50.82681561;137.664220296685;0.983406751485762; 0.997603604562931 ;-6.85714285714286;24;0
B01;B;34480;2019-01-06;BBB;117938.0095;4081.51334;28.8956569966766;116757.2808;4026.849738;1180.72873;54.66360203;41.12683989;39.35227794;1.774561945;1.69841886;0.00;0.076143085;0.00;0.076143085;99.2420849964799;0.0431485120117747; 0.996584264459892 ;0.00;1;0
B01;B;34480;2019-01-13;BBB;194435.6642;7717.831927;25.1930420407042;111162.789;3957.120132;83272.87529;3760.711795;58.31509395;0.489759448;57.82533451;1.168262967;56.65707154;0.00;0.00;56.65707154;132.34707181673;0.991601497882865; 0.896809937411636 ;0.00;2;0
B01;B;34480;2019-01-20;BBB;163878.4348;5659.990467;28.9538358333776;104181.7361;3585.474986;59696.69873;2074.515481;49.34388093;1.277549398;48.06633153;0.00;47.85968063;0.00;0.206650902;48.06633153;114.705012259359;0.974109263885985; 0.99646308475489 ;0.00;3;0
B01;B;34480;2019-01-27;BBB;122406.0606;4222.490249;28.9890688626194;121894.6138;4194.167565;511.4468368;28.32268394;41.63234454;41.0596711;0.572673439;0.572673439;0.00;0.00;0.00;0.00;101.423311505867;0.0137554933628535; 0.997460089275493 ;0.00;4;0
B01;B;34480;2019-02-03;BBB;151866.3406;5235.752055;29.0056402604038;103590.2576;3562.856658;48276.08303;1672.895398;48.13125323;1.375670917;46.75558232;0.00;46.75558232;0.00;0.00;46.75558232;108.780713229727;0.971418344263213; 0.997612525691147 ;0.00;5;0
B01;B;34480;2019-02-10;BBB;187575.5433;6464.487595;29.0163049342196;114909.2842;3948.540701;72666.25907;2515.946894;53.16944413;1.487398137;51.682046;0.00;51.682046;0.00;0.00;51.682046;121.58275680284;0.972025321040346; 0.997065309587867 ;0.00;6;0
B01;B;34480;2019-02-17;BBB;131704.2981;4544.239719;28.9826915488919;130946.247;4510.685039;758.0511069;33.5546807;43.59097883;42.74254798;0.848430848;0.848430848;0.00;0.00;0.00;0.00;104.247251173736;0.0194634502544388; 0.998362275778232 ;0.00;7;0
B01;B;34480;2019-02-24;BBB;108864.1838;3754.647574;28.994514572781;108275.1949;3727.396008;588.9889048;27.25156509;38.01030392;37.51965154;0.490652371;0.490652371;0.00;0.00;0.00;0.00;98.77973040948;0.0129084043114381; 0.998142168871605 ;0.00;8;0
B01;B;34480;2019-03-03;BBB;124630.7911;4311.637699;28.9056733892334;123728.8036;4264.213879;901.9875486;47.42381969;42.27311751;40.38061957;1.892497941;1.892497941;0.00;0.00;0.00;0.00;101.99478895731;0.0447683552213133; 0.996210826112037 ;0.00;9;0
B01;B;34480;2019-03-10;BBB;171325.0862;6777.109036;25.2799660282757;109367.4057;3918.489536;61957.68047;2858.6195;53.64356527;0.559205463;53.08435981;0.752988466;52.33137134;0.00;0.00;52.33137134;126.335917493353;0.98957553516092; 0.905747756547852 ;0.00;10;0
B01;B;34480;2019-03-17;BBB;154664.1068;5336.867267;28.98031730269;101749.115;3499.198282;52914.9918;1837.668985;47.96376946;1.490057193;46.47371227;0.00;46.47371227;0.00;0.00;46.47371227;111.268720684073;0.968933692935818; 0.996646275669206 ;0.00;11;0
B01;B;34480;2019-03-24;BBB;118902.1247;4100.259574;28.9986822917178;118291.7173;4070.892578;610.4073901;29.36699623;40.54915202;39.91508094;0.634071083;0.634071083;0.00;0.00;0.00;0.00;101.118256973108;0.0156370984697105; 0.997961000208879 ;0.00;12;0
B01;B;34480;2019-03-31;BBB;144053.9937;4963.104603;29.0249763450331;93953.03769;3229.4432;50100.95603;1733.661403;45.20655046;1.090744534;44.11580592;0.00;44.09173647;0.00;0.024069454;44.11580592;109.787288622951;0.975871980301502; 0.997674101788033 ;0.00;13;0
B01;B;34480;2019-04-07;BBB;142724.4381;4917.824077;29.0218673676236;141882.1437;4881.068653;842.294418;36.75542391;45.2783302;44.59284206;0.685488135;0.685488135;0.00;0.00;0.00;0.00;108.613194331093;0.0151394305393356; 0.998418288344703 ;0.00;14;0
B01;B;34480;2019-04-14;BBB;179836.3237;6202.561523;28.993879872556;106946.4798;3677.683007;72889.84388;2524.878516;49.61068186;1.302728579;48.30795328;0.09489527;48.21305801;0.00;0.00;48.21305801;125.024718275461;0.973740966034769; 0.997043563413281 ;0.00;15;0
B01;B;34480;2019-04-21;BBB;127388.6751;4387.717831;29.0330144295006;126587.4747;4352.460372;801.2003282;35.25745929;42.42297177;41.6844122;0.738559576;0.738559576;0.00;0.00;0.00;0.00;103.427875227328;0.0174094257235011; 0.998242875794611 ;0.00;16;0
B01;B;34480;2019-04-28;BBB;144113.8554;4967.356107;29.0121852139642;94849.09886;3260.016328;49264.75651;1707.339779;45.11415537;1.277754864;43.83640051;0.018999255;43.81740126;0.00;0.00;43.81740126;110.106374956167;0.971677296194053; 0.997164956180412 ;0.00;17;0
B01;B;34480;2019-05-05;BBB;137887.8658;4751.677126;29.018778453088;90779.49985;3121.633155;47108.36595;1630.043971;44.31560779;1.163690671;43.15191712;0.00;43.15191712;0.00;0.00;43.15191712;107.223557634975;0.973740839220474; 0.997868253145692 ;0.00;18;0
B01;B;34480;2019-05-12;BBB;105885.0802;3650.039064;29.009300542653;105414.4911;3627.672444;470.5890911;22.36661966;37.4795207;36.99336275;0.486157951;0.486157951;0.00;0.00;0.00;0.00;97.3875598147657;0.0129712958415714; 0.998309047457864 ;0.00;19;0
B01;B;34480;2019-05-19;BBB;112521.9685;3890.544275;28.9219092616547;111283.2858;3833.9218;1238.682692;56.62247512;40.09933787;38.22405536;1.875282503;1.875282503;0.00;0.00;0.00;0.00;97.0226562745985;0.046765921898251; 0.99641502871476 ;0.00;20;0
B01;B;34480;2019-05-26;BBB;169547.098;6720.729212;25.2274853891257;97384.31713;3458.116994;72162.7809;3262.612218;53.60927623;0.263981066;53.34529517;1.089934765;52.2553604;0.00;0.00;52.2553604;125.36504285501;0.995075832419982; 0.895827978375252 ;0.00;21;0
B01;B;34480;2019-06-02;BBB;145868.7146;5032.786668;28.9836872139799;91159.42634;3134.641038;54709.28827;1898.14563;45.500743;0.980512325;44.52023067;0.040071691;44.48015898;0.00;0.00;44.48015898;110.608889793294;0.978450630355641; 0.996643561957471 ;0.00;22;0
B01;B;34480;2019-06-09;BBB;119774.2935;4139.483891;28.9345958708551;118527.8993;4086.202275;1246.39428;53.28161591;40.54383981;39.08047799;1.463361815;1.463361815;0.00;0.00;0.00;0.00;102.098960295789;0.0360933207574253; 0.997508706152305 ;0.00;23;0
B01;B;34480;2019-06-16;BBB;133669.7018;5301.680128;25.2127058918633;94633.67551;3435.454648;39036.0263;1866.22548;47.94851222;0.925226121;47.0232861;0.00;47.0232861;0.00;0.00;47.0232861;110.570273873661;0.980703757485637; 0.915288423260131 ;0.00;24;0
B01;B;34480;2019-06-23;BBB;110830.5309;3818.696307;29.0231330249641;110198.3649;3791.093166;632.1660097;27.6031404;37.77309743;37.020557;0.752540423;0.752540423;0.00;0.00;0.00;0.00;101.095662437445;0.0199226559165445; 0.998466731940142 ;0.00;25;0
B01;B;34480;2019-06-30;BBB;141827.8426;4884.723228;29.0349802803607;96562.00309;3317.888978;45265.83955;1566.83425;45.86693464;1.384720576;44.48221407;0.07395301;44.40826106;0.00;0.00;44.40826106;106.497703985217;0.969810047676646; 0.997647500734506 ;0.00;26;0
B01;B;34480;2019-07-07;BBB;151533.4932;5220.642448;29.0258324927139;101175.119;3475.61251;50358.37422;1745.029938;47.48550938;0.973532505;46.51197687;0.052355912;46.45962096;0.00;0.00;46.45962096;109.941801534066;0.979498324379141; 0.997108256673668 ;0.00;27;0
B01;B;34480;2019-07-14;BBB;159062.1541;5480.367064;29.0239964298859;102789.9813;3533.061555;56272.17273;1947.305509;48.4243892;1.301667203;47.12272199;0.00;47.12272199;0.00;0.00;47.12272199;113.173695208942;0.973119594660783; 0.997602729974299 ;0.00;28;0
B01;B;34480;2019-07-21;BBB;117944.1542;4080.897678;28.9015220439938;116368.2319;4011.306126;1575.922249;69.59155197;40.44417568;38.70497297;1.739202709;1.739202709;0.00;0.00;0.00;0.00;100.901986735708;0.0430025505467293; 0.99625860540205 ;0.00;29;0
B01;B;34480;2019-07-28;BBB;163886.2863;6497.231757;25.2240173091304;103464.7619;3718.468435;60421.5244;2778.763322;53.3036005;1.178315823;52.12528467;0.114870295;52.01041438;0.00;0.00;52.01041438;121.891048560594;0.977894254441593; 0.906537747204684 ;0.00;30;0
B01;B;34480;2019-08-04;BBB;109300.2778;3784.861089;28.8782798707358;108244.6772;3733.542462;1055.60061;51.31862715;38.79909895;37.05388779;1.745211165;1.745211165;0.00;0.00;0.00;0.00;97.5502316143349;0.0449807137853648; 0.996060840273003 ;0.00;31;0
B01;B;34480;2019-08-11;BBB;133776.3753;4611.536407;29.0090684520969;92510.40188;3182.341964;41265.97337;1429.194443;44.34612513;1.347637843;42.99848728;0.00;42.99848728;0.00;0.00;42.99848728;103.989613376171;0.969610922125678; 0.997906981221477 ;0.00;32;0
B01;B;34480;2019-08-18;BBB;111601.8988;3843.578227;29.0359379226445;111210.9496;3825.190083;390.9491802;18.38814384;38.99473651;38.30784411;0.686892399;0.686892399;0.00;0.00;0.00;0.00;98.5665905452223;0.0176150029587673; 0.998714444861672 ;0.00;33;0
B01;B;34480;2019-08-25;BBB;132368.0688;4561.536264;29.0183089948575;93310.03103;3208.98809;39058.03779;1352.548175;44.50490946;1.09304205;43.41186741;0.045022661;43.33757964;0.00;0.029265114;43.36684475;102.495125129955;0.975439966887644; 0.997957099880278 ;0.00;34;0
B01;B;34480;2019-09-01;BBB;143832.9129;4957.233863;29.0147523548457;96753.42202;3325.771219;47079.49085;1631.462645;45.41583032;1.309025484;44.10680484;0.00;44.10680484;0.00;0.00;44.10680484;109.152113438669;0.971176889847073; 0.997343828192572 ;0.00;35;0
B01;B;34480;2019-09-08;BBB;112443.3741;3886.011455;28.9354201350392;111570.3398;3845.096481;873.0343512;40.91497437;39.70288893;38.24614115;1.456747784;1.456747784;0.00;0.00;0.00;0.00;97.8772970866531;0.0366912288566302; 0.997213796578361 ;0.00;36;0
B01;B;34480;2019-09-15;BBB;138857.296;5491.91478;25.2839495080439;95418.66367;3456.673526;43438.63229;2035.241254;49.07574254;1.190895435;47.8848471;0.041176642;47.84367046;0.00;0.00;47.84367046;111.906911556636;0.975733521728595; 0.91594616331495 ;0.00;37;0
B01;B;34480;2019-09-22;BBB;130589.8853;4531.749469;28.8166603633578;129076.3494;4448.152275;1513.535955;83.59719344;44.06641289;42.10284629;1.963566595;1.963566595;0.00;0.00;0.00;0.00;102.839082462017;0.0445592564999906; 0.993062586205838 ;0.00;38;0
B01;B;34480;2019-09-29;BBB;143574.2314;4964.859428;28.9180858959054;98860.62155;3404.280625;44713.60984;1560.578804;45.4781187;0.84705447;44.63106423;0.05229421;44.57877002;0.00;0.00;44.57877002;109.170290458827;0.981374461076817; 0.995798711195909 ;0.00;39;0
B01;B;34480;2019-10-06;BBB;179506.5645;7124.756363;25.1947653160754;111537.8442;4004.929364;67968.72025;3119.826998;56.69588394;0.440584198;56.25529974;0.910251408;55.34504834;0.00;0.00;55.34504834;125.666201280854;0.992228991429673; 0.904654883346213 ;0.00;40;0
B01;B;34480;2019-10-13;BBB;133668.5998;4609.011894;29.0015740627637;132868.8241;4571.889597;799.7756676;37.12229734;43.19413967;42.0593711;1.134768568;1.134768568;0.00;0.00;0.00;0.00;106.704565230666;0.0262713547872361; 0.997916521443606 ;0.00;41;0
B01;B;34480;2019-10-20;BBB;112366.0689;3871.791687;29.0217237867632;111976.1289;3854.56537;389.9399713;17.22631714;39.56312378;39.15242251;0.410701278;0.410701278;0.00;0.00;0.00;0.00;97.8636497090069;0.0103809112820262; 0.999017670865051 ;0.00;42;0
B01;B;34480;2019-10-27;BBB;135541.6143;5370.645887;25.2374885910999;98305.07727;3581.074068;37236.53698;1789.571819;48.70201537;0.469089967;48.2329254;1.252106583;46.66658036;0.00;0.314238453;46.98081882;110.275639441161;0.990368161020931; 0.919355525115022 ;0.00;43;0
B01;B;34480;2019-11-03;BBB;114488.0762;3953.572551;28.9581321003055;113853.2143;3924.167356;634.8618447;29.40519453;39.67779023;38.68536285;0.992427381;0.992427381;0.00;0.00;0.00;0.00;99.6419540524397;0.0250121636121166; 0.998097044316425 ;0.00;44;0
B01;B;34480;2019-11-10;BBB;112209.8294;3869.680626;28.9971809678745;111867.0507;3852.31025;342.7786729;17.37037569;39.24381924;38.48137885;0.762440386;0.762440386;0.00;0.00;0.00;0.00;98.6061168596902;0.0194282921684357; 0.99856156718761 ;0.00;45;0
B01;B;34480;2019-11-17;BBB;188411.6592;7463.973109;25.2428105579339;104392.7626;3725.663297;84018.89664;3738.309812;56.04243085;1.632005484;54.41042536;0.00;54.41042536;0.00;0.00;54.41042536;133.184321161544;0.970879109538126; 0.900888246143784 ;0.00;46;0
B01;B;34480;2019-11-24;BBB;136702.2885;4729.334087;28.9051874926255;135681.9029;4678.875919;1020.385622;50.45816807;44.21268189;42.65732552;1.555356373;1.555356373;0.00;0.00;0.00;0.00;106.967817486541;0.0351789646434407; 0.996770997478585 ;0.00;47;0
B01;B;34480;2019-12-01;BBB;138628.4499;4773.482833;29.0413634551349;99329.67653;3416.19803;39298.77333;1357.284803;44.09109512;1.284536785;42.80655833;0.00;42.80655833;0.00;0.00;42.80655833;108.264102309283;0.9708662988183; 0.99880571536928 ;0.00;48;0
B01;B;34480;2019-12-08;BBB;122660.0272;4232.910778;28.9777020194967;122290.8908;4212.937784;369.1363837;19.9729936;40.87997913;40.10751506;0.772464066;0.772464066;0.00;0.00;0.00;0.00;103.544837059216;0.0188959016721494; 0.99828576709845 ;0.00;49;0
B01;B;34480;2019-12-15;BBB;166949.4996;5752.582951;29.021658796068;110556.7499;3801.866826;56392.74973;1950.716125;48.55176137;1.130191266;47.4215701;0.00;47.4215701;0.00;0.00;47.4215701;118.483506852843;0.976721930613658; 0.998007646860665 ;0.00;50;0
B01;B;34480;2019-12-22;BBB;174081.1182;6007.256828;28.9784710699571;114674.7154;3943.124191;59406.40283;2064.132637;50.37938745;1.655258247;48.72412921;0.00;48.72412921;0.00;0.00;48.72412921;119.240370557542;0.967144137239803; 0.996433345359246 ;0.00;51;0
B01;B;34480;2019-12-29;BBB;114850.2439;3960.809564;28.9966589012205;114441.4282;3942.225037;408.8157669;18.58452653;38.79694749;38.21705992;0.57988757;0.57988757;0.00;0.00;0.00;0.00;102.090752501106;0.0149467318311439; 0.99886340556645 ;0.00;52;0
B01;B;34480;2020-01-05;BBB;114694.6265;3954.10179;29.0064931535311;114455.7978;3940.403689;238.8287281;13.69810099;39.55096736;38.86223213;0.688735232;0.688735232;0.00;0.00;0.00;0.00;99.9748439528433;0.0174138656516542; 0.998615140727517 ;0.00;1;0
B01;B;34480;2020-01-12;BBB;175353.8211;6934.980459;25.2854095460978;110022.5891;3950.120782;65331.23208;2984.859678;53.4010025;1.343129578;52.05787292;0.058301759;51.99957116;0.00;0.00;51.99957116;129.866109891851;0.97484823285855; 0.90781740864724 ;0.00;2;0
B01;B;34480;2020-01-19;BBB;146117.6625;5044.185481;28.9675435311376;100761.3973;3466.597977;45356.2652;1577.587504;45.40877623;1.412289078;43.99648715;0.056934263;43.93955289;0.00;0.00;43.93955289;111.08393354295;0.968898323248206; 0.996600191090254 ;0.00;3;0
B01;B;34480;2020-01-26;BBB;113334.1332;3905.69835;29.0176360394038;113102.7128;3893.570501;231.4203587;12.12784876;39.05568431;38.45891567;0.596768638;0.596768638;0.00;0.00;0.00;0.00;100.003326506814;0.0152799432027158; 0.998934586932181 ;0.00;4;0
B01;B;34480;2020-02-02;BBB;131148.7593;4516.93267;29.0349157008798;130446.4535;4484.491132;702.3058153;32.44153784;42.90894999;42.28456322;0.624386767;0.624386767;0.00;0.00;0.00;0.00;105.267844378683;0.0145514343078895; 0.998162989375277 ;0.00;5;0
B01;B;34480;2020-02-09;BBB;183014.5867;6310.696934;29.0006933646229;117530.7319;4041.077443;65483.8548799999;2269.619491;51.53521424;1.542740094;49.99247414;0.00;49.99247414;0.00;0.00;49.99247414;122.454073919457;0.970064350701727; 0.997135352537845 ;0.00;6;0
B01;B;34480;2020-02-16;BBB;136060.6951;4691.524471;29.0013823739043;135768.0708;4676.588365;292.62429;14.93610627;43.43575446;42.91128582;0.524468634;0.524468634;0.00;0.00;0.00;0.00;108.010659175275;0.0120745832671787; 0.998964827146361 ;1.85714285714286;7;0
B01;B;34480;2020-02-23;BBB;134329.6618;4631.823588;29.0014633001174;97111.49044;3340.966532;37218.17132;1290.857056;42.87487536;1.114055955;41.7608194;0.00;41.7608194;0.00;0.00;41.7608194;108.031184909782;0.974016111985264; 0.997749265567945 ;4.85714285714286;8;0
B01;B;34480;2020-03-01;BBB;142063.4582;4891.267642;29.0443027447812;141371.2107;4861.320672;692.2474498;29.94697014;43.92814083;43.31353863;0.614602207;0.614602207;0.00;0.00;0.00;0.00;111.347021512451;0.0139910816935887; 0.998744147679788 ;7.92857142857143;9;0
B01;B;34480;2020-03-08;BBB;196659.3245;6811.919427;28.8698841211352;121121.1241;4171.495789;75538.20045;2640.423638;52.98684234;1.420643056;51.56619928;0.07774042;51.48845886;0.00;0.00;51.48845886;128.558697332633;0.973188757863996; 0.994298896539332 ;9.21428571428571;10;0
B01;B;34480;2020-03-15;BBB;202949.7705;7002.737815;28.9814892205842;120555.1438;4146.569412;82394.62669;2856.168403;52.80591235;1.275813392;51.53009895;0.00;51.53009895;0.00;0.00;51.53009895;132.61276064289;0.975839572820107; 0.996836409698531 ;-6.71428571428571;11;0
B01;B;34480;2020-03-22;BBB;177252.399;6111.024647;29.0053484053637;175860.2226;6051.71833;1392.176348;59.306317;49.04316313;48.03312012;1.010043007;1.010043007;0.00;0.00;0.00;0.00;124.605026613013;0.0205949808808753; 0.99813474597965 ;-27.8571428571429;12;0
B01;B;34480;2020-03-29;BBB;137731.653;4750.458766;28.9933372300321;93876.69359;3229.727978;43854.95945;1520.730788;41.01766112;0.587449053;40.43021207;0.00;40.43021207;0.00;0.00;40.43021207;115.814959612207;0.985678143659109; 0.997484986384294 ;-28.5;13;0
B01;B;34480;2020-04-05;BBB;110643.6932;3816.089928;28.9939952379445;110347.9824;3799.645295;295.7108038;16.44463259;35.86427173;35.3105254;0.553746334;0.553746334;0.00;0.00;0.00;0.00;106.403664257537;0.0154400551660108; 0.998358965819281 ;-28.8571428571429;14;0
B01;B;34480;2020-04-12;BBB;139290.1648;4800.23036;29.0173917403414;89770.21649;3086.1072;49519.94836;1714.12316;42.18524834;0.564698233;41.6205501;0.00;41.6205501;0.00;0.00;41.6205501;113.789311403636;0.986613845782092; 0.997555593341625 ;-31.7857142857143;15;0
B01;B;34480;2020-04-19;BBB;140928.8402;4858.767778;29.0050577922475;91062.21797;3130.411055;49866.62223;1728.356723;42.52273688;0.632314837;41.89042204;0.00;41.89042204;0.00;0.00;41.89042204;114.262818776495;0.985129959019703; 0.997095783387116 ;-27.5;16;0
B01;B;34480;2020-04-26;BBB;120714.0801;4161.202768;29.0094203119111;120203.2247;4137.844694;510.8554438;23.35807411;38.64870065;38.01417512;0.634525528;0.634525528;0.00;0.00;0.00;0.00;107.667339341717;0.0164177712918791; 0.998612776098487 ;-22.5;17;0
B01;B;34480;2020-05-03;BBB;122365.1609;4219.716111;28.9984344162436;121768.6353;4189.886824;596.5256436;29.82928675;38.8189648;38.23205061;0.586914189;0.586914189;0.00;0.00;0.00;0.00;108.702437912512;0.015119264308666; 0.997795187388843 ;-16.8571428571429;18;0
B01;B;34480;2020-05-10;BBB;136750.5694;4722.691585;28.9560660353814;135864.3245;4680.470161;886.244936;42.22142447;42.11964471;41.29859046;0.821054246;0.821054246;0.00;0.00;0.00;0.00;112.125627305653;0.0194933801472705; 0.997524578709757 ;-17;19;0
B01;B;34480;2020-05-17;BBB;124077.4767;4283.481703;28.9665009221588;123950.046;4269.629598;127.430702;13.85210436;39.32834042;38.66307409;0.665266331;0.665266331;0.00;0.00;0.00;0.00;108.915902813475;0.0169156980410413; 0.997790913992428 ;-14.3571428571429;20;0
B01;B;34480;2020-05-24;BBB;154528.6646;5332.481802;28.9787514215318;101963.8369;3509.43449;52564.82773;1823.047312;45.25442364;0.728346012;44.52607763;0.031001415;44.49507621;0.00;0.00;44.49507621;117.833382310203;0.983905528975598; 0.997402930370309 ;-13.5;21;0
B01;B;34480;2020-05-31;BBB;156136.9424;6187.316386;25.2350021656061;105007.4221;3793.047659;51129.5203;2394.268727;48.6421685;0.07457341;48.56759509;0.599189033;47.96840605;0.00;0.00;47.96840605;127.200669230032;0.998466897913895; 0.911531432492067 ;-9.92857142857143;22;0
B01;B;34480;2020-06-07;BBB;120013.8975;4154.180578;28.8899086706962;119067.9995;4106.781401;945.8980398;47.39917699;38.95698877;37.52765657;1.429332201;1.429332201;0.00;0.00;0.00;0.00;106.635053405335;0.0366900072651585; 0.996443545735425 ;-8.57142857142857;23;0
B01;B;34480;2020-06-14;BBB;136729.6099;4715.686303;28.9946364356374;97831.63246;3365.832055;38897.97745;1349.854248;42.77067877;0.576906202;42.19377257;0.081529595;42.11224298;0.00;0.00;42.11224298;110.25511959627;0.986511642634845; 0.997541125341448 ;-6.85714285714286;24;0
B01;B;41738;2019-01-06;BBB;28038.2781;4279.859425;6.55121472827346;19413.98914;2729.814595;8624.288961;1550.04483;43.20925969;1.601886931;41.60737276;0.560654432;41.04671833;0.00;0.00;41.04671833;99.0495892710352;0.962927230378568; 0.921170886171612 ;0.00;1;0
B01;B;41738;2019-01-13;BBB;30908.57984;4264.751306;7.24745187287129;30581.6661;4200.559822;326.9137392;64.19148421;44.82816345;43.74361587;1.084547575;1.084547575;0.00;0.00;0.00;0.00;95.1355348464538;0.024193442058131; 0.995477324535363 ;0.00;2;0
B01;B;41738;2019-01-20;BBB;46302.94751;7651.461896;6.051516447361;25591.63558;3570.989643;20711.31193;4080.472253;54.26794243;1.607886242;52.66005619;0.813072499;51.84698369;0.00;0.00;51.84698369;140.994140433269;0.970371343227652; 0.844412717992067 ;0.00;3;0
B01;B;41738;2019-01-27;BBB;23817.0442;3291.363683;7.23622379471944;23601.29617;3245.734524;215.7480356;45.62915902;38.01746992;37.09559256;0.92187736;0.92187736;0.00;0.00;0.00;0.00;86.5750322135061;0.0242487825186658; 0.995151335110387 ;0.00;4;0
B01;B;41738;2019-02-03;BBB;48194.82315;8055.98346;5.98248784761035;22166.2936;3087.509714;26028.52955;4968.473745;54.44286835;1.049578396;53.39328995;1.132019345;52.26127061;0.00;0.00;52.26127061;147.971326716477;0.980721471299923; 0.833291739101746 ;0.00;5;0
B01;B;41738;2019-02-10;BBB;39128.21118;6351.323971;6.1606385312194;21123.06074;2946.551315;18005.15044;3404.772656;49.57527524;1.308103157;48.26717208;0.916577657;47.35059443;0.00;0.00;47.35059443;128.11474954506;0.973613799345191; 0.859375342846464 ;0.00;6;0
B01;B;41738;2019-02-17;BBB;25728.93778;3545.724648;7.2563270795753;25420.84174;3487.534575;308.0960432;58.19007324;38.97896912;38.21422458;0.764744541;0.764744541;0.00;0.00;0.00;0.00;90.9650698325087;0.0196194142191311; 0.995509583685707 ;0.00;7;0
B01;B;41738;2019-02-24;BBB;43386.95516;7148.178723;6.06965170308319;21826.73814;3033.490473;21560.21702;4114.68825;51.1924386;2.101711783;49.09072681;0.00;49.09072681;0.00;0.00;49.09072681;139.6334872588;0.958944878433668; 0.843563087513684 ;0.00;8;0
B01;B;41738;2019-03-03;BBB;45435.17519;7469.985734;6.08236438567742;22892.67939;3186.360544;22542.4958;4283.62519;53.37126422;1.118619931;52.25264429;1.108270774;51.14437352;0.00;0.00;51.14437352;139.962690469692;0.979040782594376; 0.84658530190307 ;0.00;9;0
B01;B;41738;2019-03-10;BBB;43182.63828;7060.810274;6.11581909218143;21661.97531;3023.269633;21520.66297;4037.540641;52.18246693;0.927097361;51.25536957;1.184087085;50.07128248;0.00;0.00;50.07128248;135.310012910499;0.982233546734315; 0.853558822670163 ;0.00;10;0
B01;B;41738;2019-03-17;BBB;45867.58759;7558.477611;6.06836322743723;22304.81164;3114.697454;23562.77595;4443.780157;54.68619224;1.305460199;53.38073204;0.911705716;52.46902633;0.00;0.00;52.46902633;138.215467221201;0.97612815691627; 0.847400811964264 ;0.00;11;0
B01;B;41738;2019-03-24;BBB;41385.20556;6722.108733;6.15658079983634;21398.38786;2986.276607;19986.8177;3735.832126;51.30925336;1.356025979;49.95322738;0.75987027;49.19335711;0.00;0.00;49.19335711;131.011626418257;0.973571512130848; 0.859188708137409 ;0.00;12;0
B01;B;41738;2019-03-31;BBB;29931.11224;4128.450688;7.24996239557845;29499.88609;4047.748247;431.2261528;80.70244072;42.81078317;41.54498081;1.265802363;1.265802363;0.00;0.00;0.00;0.00;96.4348321217596;0.0295673722663177; 0.994784267572695 ;0.00;13;0
B01;B;41738;2019-04-07;BBB;44472.54839;7236.833446;6.14530494889049;24522.56714;3448.366813;19949.98125;3788.466633;52.83573043;1.162455599;51.67327483;0.916116706;50.75715813;0.00;0.00;50.75715813;136.968551150964;0.97799868402425; 0.864153639402315 ;0.00;14;0
B01;B;41738;2019-04-14;BBB;27165.27944;4121.408257;6.59126146842191;23808.48941;3344.22367;3356.790033;777.1845868;41.33138293;28.92556606;12.40581687;12.40581687;0.00;0.00;0.00;0.00;99.7161954145143;0.300154894188052; 0.925831632501523 ;0.00;15;0
B01;B;41738;2019-04-21;BBB;26453.36074;3643.925678;7.2595774660583;26337.88439;3618.296134;115.4763533;25.62954328;40.32532158;39.68188083;0.643440751;0.643440751;0.00;0.00;0.00;0.00;90.3632143582772;0.0159562459960425; 0.997320084292171 ;0.00;16;0
B01;B;41738;2019-04-28;BBB;26220.64624;3981.398245;6.58578836541382;18488.10231;2597.315578;7732.543938;1384.082668;40.44475038;1.097563864;39.34718652;0.813697273;38.53348924;0.00;0.00;38.53348924;98.4404207614744;0.972862637309223; 0.925209652569284 ;0.00;17;0
B01;B;41738;2019-05-05;BBB;31969.68146;4231.629484;7.55493399903724;31710.54594;4179.512534;259.1355157;52.11694968;43.83081967;42.69241998;1.138399692;1.138399692;0.00;0.00;0.00;0.00;96.5446121213275;0.0259725850570661; 0.995755210341197 ;0.00;18;0
B01;B;41738;2019-05-12;BBB;44623.04945;6824.143;6.53899683081084;25120.40063;3443.482388;19502.64881;3380.660612;50.57914698;1.450911884;49.1282351;0.571336308;48.55689879;0.00;0.00;48.55689879;134.920088761054;0.971314030254925; 0.896359924896824 ;0.00;19;0
B01;B;41738;2019-05-19;BBB;40091.74582;6019.570883;6.66023319589507;23934.04208;3253.725409;16157.70374;2765.845475;48.88158385;2.029793825;46.85179003;0.00;46.85179003;0.00;0.00;46.85179003;123.145986870472;0.958475285370689; 0.905428757370559 ;0.00;20;0
B01;B;41738;2019-05-26;BBB;30937.98433;3972.61219;7.7878189086461;30869.42017;3959.472794;68.56416827;13.13939544;42.72342198;42.27471724;0.448704744;0.448704744;0.00;0.00;0.00;0.00;92.9844100938283;0.0105025469216874; 0.998906261392956 ;0.00;21;0
B01;B;41738;2019-06-02;BBB;30760.07146;3970.046666;7.74803775568516;30605.1786;3931.432299;154.8928595;38.61436677;42.51501019;41.57428766;0.940722537;0.940722537;0.00;0.00;0.00;0.00;93.3798827345406;0.0221268331536533; 0.995285349733986 ;0.00;22;0
B01;B;41738;2019-06-09;BBB;28616.84986;3713.401847;7.70637034155598;28351.64206;3649.367286;265.2078079;64.03456119;41.26304841;39.5781005;1.68494791;1.68494791;0.00;0.00;0.00;0.00;89.9933957884717;0.0408343051453188; 0.991948747051692 ;0.00;23;0
B01;B;41738;2019-06-16;BBB;33713.66105;4793.927971;7.03257563608479;22666.86995;3001.675893;11046.7911;1792.252078;46.9006075;1.969649417;44.93095808;0.044108601;44.88684948;0.00;0.00;44.88684948;102.214624213556;0.958003754642197; 0.931293681002253 ;0.00;24;0
B01;B;41738;2019-06-23;BBB;33148.85408;4285.978162;7.7342564117339;32955.16105;4233.807986;193.693036;52.1701756;44.89718322;43.2671203;1.630062922;1.630062922;0.00;0.00;0.00;0.00;95.462072553602;0.0363065743793448; 0.993633637902391 ;0.00;25;0
B01;B;41738;2019-06-30;BBB;30767.3642;3979.816866;7.73084924154397;30534.61845;3923.210599;232.7457483;56.60626697;42.71581788;41.41230692;1.303510959;1.303510959;0.00;0.00;0.00;0.00;93.1696281031152;0.0305158843654102; 0.99329060663918 ;0.00;26;0
B01;B;41738;2019-07-07;BBB;31014.87498;4010.889313;7.73266788476942;30798.70829;3955.342461;216.1666881;55.54685207;42.86734857;41.22331036;1.644038203;1.644038203;0.00;0.00;0.00;0.00;93.5651363286544;0.0383517585725037; 0.99307247997054 ;0.00;27;0
B01;B;41738;2019-07-14;BBB;36813.756;4784.46462;7.69443583010548;36181.7344;4653.866416;632.0215994;130.5982039;47.88937363;45.14111273;2.748260897;2.748260897;0.00;0.00;0.00;0.00;99.9066025996799;0.057387697701654; 0.989694858292779 ;0.00;28;0
B01;B;41738;2019-07-21;BBB;56033.16359;8620.356227;6.50009838508731;30935.27496;4050.358984;25097.88863;4569.997243;56.95664984;1.082732561;55.87391728;1.21033819;54.66357909;0.00;0.00;54.66357909;151.34942541768;0.980990234449506; 0.851058603001416 ;0.00;29;0
B01;B;41738;2019-07-28;BBB;44740.49298;6678.763453;6.69891863888416;33657.55103;4423.29461;11082.94195;2255.468843;52.61129912;26.03637741;26.5749217;26.5749217;0.00;0.00;0.00;0.00;126.945419799776;0.505118142765983; 0.88037571960579 ;0.00;30;0
B01;B;41738;2019-08-04;BBB;35795.60102;4668.312644;7.66778143404913;34951.40604;4505.161981;844.1949832;163.1506625;46.41629713;43.12439257;3.291904552;3.291904552;0.00;0.00;0.00;0.00;100.574861258865;0.0709213090130872; 0.988360735924654 ;0.00;31;0
B01;B;41738;2019-08-11;BBB;50322.33278;7662.716872;6.5671658787082;30095.82924;3945.47204;20226.50354;3717.244833;55.42801951;1.516254721;53.91176479;0.985091078;52.92667371;0.00;0.00;52.92667371;138.246268579334;0.972644616686576; 0.860935551895271 ;0.00;32;0
B01;B;41738;2019-08-18;BBB;43346.32626;6455.770315;6.71435384856935;28015.7547699999;3656.992483;15330.57149;2798.777832;51.29646759;2.092643752;49.20382384;0.156618092;49.04720575;0.00;0.00;49.04720575;125.852141839461;0.959204915107879; 0.876447618634703 ;0.00;33;0
B01;B;41738;2019-08-25;BBB;26890.52084;3487.74957;7.70999187306903;26593.5304;3425.312577;296.9904424;62.43699287;38.65704406;36.94064352;1.716400534;1.716400534;0.00;0.00;0.00;0.00;90.2228728245912;0.0444007185685475; 0.993066047800526 ;0.00;34;0
B01;B;41738;2019-09-01;BBB;36681.72863;5374.486977;6.82515908717961;24004.83988;3150.936322;12676.88875;2223.550655;48.19112645;1.488976141;46.70215031;0.919131126;45.78301918;0.00;0.00;45.78301918;111.524410672911;0.969102690688402; 0.895887736753468 ;0.00;35;0
B01;B;41738;2019-09-08;BBB;32111.75168;4157.210846;7.72435001965258;31656.9345;4067.979201;454.8171802;89.23164495;44.21499168;42.03195561;2.183036069;2.183036069;0.00;0.00;0.00;0.00;94.0226535851742;0.0493732099917473; 0.992594378372001 ;0.00;36;0
B01;B;41738;2019-09-15;BBB;34042.94936;4416.866211;7.70748936773716;33718.17706;4340.072989;324.7722954;76.7932214;45.69056672;43.66514147;2.02542525;2.02542525;0.00;0.00;0.00;0.00;96.66910542098;0.0443291776705719; 0.992078141069016 ;0.00;37;0
B01;B;41738;2019-09-22;BBB;30815.67172;4049.61675;7.60952791890739;30375.97161;3936.193975;439.7001134;113.4227754;44.57572309;40.99085232;3.584870769;3.584870769;0.00;0.00;0.00;0.00;90.8480327245321;0.0804220441194418; 0.986061559826351 ;0.00;38;0
B01;B;41738;2019-09-29;BBB;33665.54722;4766.654711;7.06271992857173;24099.09694;3155.367818;9566.450284;1611.286893;46.60110494;1.632638613;44.96846633;0.59627432;44.37219201;0.00;0.00;44.37219201;102.286302377104;0.964965667399903; 0.924743330658701 ;0.00;39;0
B01;B;41738;2019-10-06;BBB;43400.78315;6405.52857;6.77551940885341;26467.45002;3464.383074;16933.33313;2941.145496;51.92673782;1.271604074;50.65513375;1.032858494;49.62227526;0.00;0.00;49.62227526;123.357037990799;0.975511574125686; 0.886862721563769 ;0.00;40;0
B01;B;41738;2019-10-13;BBB;40502.50879;5943.183105;6.81495220228454;25750.05216;3376.875305;14752.45663;2566.3078;50.36211168;1.275504907;49.08660677;1.047466495;48.03914028;0.00;0.00;48.03914028;118.009013259072;0.974673323507471; 0.89371639535545 ;0.00;41;0
B01;B;41738;2019-10-20;BBB;29372.42295;3826.917611;7.6752169593546;28963.54005;3733.252743;408.8828989;93.66486834;42.5866792;40.36572874;2.220950455;2.220950455;0.00;0.00;0.00;0.00;89.8618460722807;0.052151294647083; 0.989296360775163 ;0.00;42;0
B01;B;41738;2019-10-27;BBB;32450.19623;4223.455805;7.68332799684641;32155.9375;4142.252333;294.2587266;81.20347202;45.75778022;43.40081231;2.356967906;2.356967906;0.00;0.00;0.00;0.00;92.3002773450534;0.0515096644694711; 0.989748264069156 ;0.00;43;0
B01;B;41738;2019-11-03;BBB;34505.04329;4474.659742;7.71121052314418;34163.64467;4392.625883;341.3986216;82.03385933;46.46910363;44.29174406;2.177359565;2.177359565;0.00;0.00;0.00;0.00;96.2932226459217;0.0468560698380745; 0.991476853843097 ;0.00;44;0
B01;B;41738;2019-11-10;BBB;39973.51753;5843.083824;6.84116790620254;26356.02002;3455.394841;13617.49751;2387.688982;49.79185341;1.147631452;48.64422196;1.147043609;47.49717835;0.00;0.00;47.49717835;117.350197348277;0.976951421338947; 0.896908420602536 ;0.00;45;0
B01;B;41738;2019-11-17;BBB;32155.73251;4548.10177;7.07014357552514;23008.36813;3014.172671;9147.364375;1533.929099;45.43828784;1.553289862;43.88499798;0.745687371;43.13931061;0.00;0.00;43.13931061;100.094039326813;0.965815396357593; 0.926212299150748 ;0.00;46;0
B01;B;41738;2019-11-24;BBB;32674.51616;4242.844976;7.70108649852306;32213.10986;4142.12631;461.4063035;100.7186664;44.75773624;42.45507184;2.302664406;2.302664406;0.00;0.00;0.00;0.00;94.7957902349889;0.0514472937963763; 0.990245062949602 ;0.00;47;0
B01;B;41738;2019-12-01;BBB;28940.1806;4077.058253;7.09829951011985;25634.45433;3366.666089;3305.726274;710.3921648;41.96001174;29.87325531;12.08675643;12.08675643;0.00;0.00;0.00;0.00;97.1653267940673;0.288054171788466; 0.932245482686887 ;0.00;48;0
B01;B;41738;2019-12-08;BBB;30239.79101;3918.015213;7.7181402741021;29952.90039;3852.091124;286.8906174;65.92408841;42.11240158;40.26604713;1.846354452;1.846354452;0.00;0.00;0.00;0.00;93.037088031112;0.0438434851190455; 0.992591009770177 ;0.00;49;0
B01;B;41738;2019-12-15;BBB;36313.87643;5911.464239;6.14295798161556;25377.97931;3519.045513;10935.89712;2392.418726;51.28063355;4.425971583;46.85466197;46.85466197;0.00;0.00;0.00;0.00;115.276739575305;0.913691168115453; 0.851815207889055 ;0.00;50;0
B01;B;41738;2019-12-22;BBB;34047.15141;4835.095176;7.04167139852802;23545.3304;3093.937705;10501.82101;1741.157471;45.84703982;1.707527717;44.1395121;0.305205111;43.83430699;0.00;0.00;43.83430699;105.461447347158;0.962755987590389; 0.92529993319295 ;0.00;51;0
B01;B;41738;2019-12-29;BBB;29591.1617;4128.955325;7.16674300659816;26686.06458;3500.370757;2905.097124;628.5845682;42.41608215;31.2384616;11.17762055;11.17762055;0.00;0.00;0.00;0.00;97.3440995893582;0.263523172896344; 0.940050848188064 ;0.00;52;0
B01;B;41738;2020-01-05;BBB;31954.44938;4558.714464;7.00953078600187;22822.07348;3004.828144;9132.3759;1553.886319;44.25009252;1.385162376;42.86493015;0.649625596;42.21530455;0.00;0.00;42.21530455;103.021580394201;0.9686969610431; 0.92289753603987 ;0.00;1;0
B01;B;41738;2020-01-12;BBB;48591.74555;7414.45125;6.55365365710645;27659.38636;3628.069998;20932.3592;3786.381253;53.88461678;2.058014321;51.82660246;0.193524103;51.63307836;0.00;0.00;51.63307836;137.598663460329;0.961807015749922; 0.859639975419574 ;0.00;2;0
B01;B;41738;2020-01-19;BBB;33938.1961;4741.22306;7.15810997932673;22387.66113;2916.028598;11550.53497;1825.194462;44.72267723;1.464330308;43.25834692;0.755063908;42.50328302;0.00;0.00;42.50328302;106.01384697112;0.967257543584226; 0.932355250784785 ;0.00;3;0
B01;B;41738;2020-01-26;BBB;28621.96837;3676.317753;7.7854990490535;28518.1682;3652.465102;103.8001638;23.85265107;40.07782456;39.57594974;0.501874814;0.501874814;0.00;0.00;0.00;0.00;91.7294736768018;0.0125225063862598; 0.997127984479806 ;0.00;4;0
B01;B;41738;2020-02-02;BBB;39360.61361;5786.930893;6.80163878535537;29113.26195;3827.832719;10247.35166;1959.098175;48.42241105;27.36936212;21.05304893;21.05304893;0.00;0.00;0.00;0.00;119.509350474608;0.434779030483655; 0.894284382496091 ;0.00;5;0
B01;B;41738;2020-02-09;BBB;35459.56924;5165.693527;6.86443534728885;22781.01786;2986.50802;12678.55138;2179.185507;46.11306814;1.290499186;44.82256896;0.869848981;43.95271998;0.00;0.00;43.95271998;112.022334131333;0.972014458546067; 0.899902337263241 ;0.00;6;0
B01;B;41738;2020-02-16;BBB;31974.70552;4547.555914;7.03118469012408;26687.7247;3491.477019;5286.980814;1056.078895;43.16038165;29.91786996;13.24251169;13.24251169;0.00;0.00;0.00;0.00;105.364126547292;0.306821005369863; 0.919869342099174 ;1.85714285714286;7;0
B01;B;41738;2020-02-23;BBB;34623.33266;5020.439313;6.89647469103866;27934.79976;3659.663227;6688.532898;1360.776085;45.5468864;28.11318534;17.43370106;17.43370106;0.00;0.00;0.00;0.00;110.225741204562;0.382763838276331; 0.9034886607231 ;4.85714285714286;8;0
B01;B;41738;2020-03-01;BBB;36584.95261;5227.473505;6.99859168583199;29443.52053;3850.030105;7141.43208;1377.443401;46.60286253;30.95483829;15.64802424;15.64802424;0.00;0.00;0.00;0.00;112.170652642526;0.335773885776368; 0.915134746050555 ;7.92857142857143;9;0
B01;B;41738;2020-03-08;BBB;38441.03488;5514.849565;6.9704593800647;30636.30798;4008.031577;7804.726904;1506.817988;47.83259164;30.88378949;16.94880215;16.94880215;0.00;0.00;0.00;0.00;115.294810001225;0.354335852791772; 0.911918672437081 ;9.21428571428571;10;0
B01;B;41738;2020-03-15;BBB;54833.52472;8155.744058;6.72330131132715;29122.60818;3813.630758;25710.91653;4342.113301;56.90103533;0.993169079;55.90786625;0.939194931;54.96867132;0.00;0.00;54.96867132;143.332085448014;0.982545676467219; 0.880422128323911 ;-6.71428571428571;11;0
B01;B;41738;2020-03-22;BBB;52311.81322;7532.117965;6.9451664808067;38763.60247;5073.245509;13548.21075;2458.872456;55.82621861;35.41583804;20.41038057;20.41038057;0.00;0.00;0.00;0.00;134.920798014623;0.365605643337339; 0.908959240444144 ;-27.8571428571429;12;0
B01;B;41738;2020-03-29;BBB;31984.00644;4718.910145;6.77783756359277;21633.02657;2864.17106;10350.97986;1854.739085;41.15910608;0.542819865;40.61628622;0.686757851;39.92952837;0.00;0.00;39.92952837;114.650452704876;0.986811670327705; 0.897372641604596 ;-28.5;13;0
B01;B;41738;2020-04-05;BBB;26457.07317;3827.36239;6.91261251851304;22782.36969;3017.816659;3674.703487;809.5457308;37.34175045;24.19038864;13.15136181;13.15136181;0.00;0.00;0.00;0.00;102.495526960494;0.352189215864678; 0.915664063898377 ;-28.8571428571429;14;0
B01;B;41738;2020-04-12;BBB;24410.78452;3516.106126;6.94256192652815;21285.65206;2828.155064;3125.132451;687.9510619;35.38828127;23.99245482;11.39582645;11.39582645;0.00;0.00;0.00;0.00;99.3579230133659;0.322022602992609; 0.922435526724671 ;-31.7857142857143;15;0
B01;B;41738;2020-04-19;BBB;24293.49391;3428.557043;7.08563212025287;21596.1604;2839.53701;2697.333509;589.0200337;36.22277636;26.99019925;9.232577108;9.232577108;0.00;0.00;0.00;0.00;94.6519672850389;0.254883198798514; 0.931643138041464 ;-27.5;16;0
B01;B;41738;2020-04-26;BBB;29276.80754;4292.24604;6.8208595842749;19629.36075;2594.041603;9647.446788;1698.204437;39.17067487;0.600102108;38.57057276;0.462511375;38.10806139;0.00;0.00;38.10806139;109.578046695523;0.984679811823727; 0.901384092695447 ;-22.5;17;0
B01;B;41738;2020-05-03;BBB;27061.60564;3491.024353;7.75176650278727;26784.79658;3438.595737;276.8090576;52.42861596;37.45915615;36.70567195;0.753484197;0.753484197;0.00;0.00;0.00;0.00;93.1954884146529;0.0201148203654876; 0.995161235258622 ;-16.8571428571429;18;0
B01;B;41738;2020-05-10;BBB;33268.31069;4967.786868;6.69680716463458;20968.497;2781.178399;12299.81369;2186.608469;42.60192031;0.637629795;41.96429051;0.554261854;41.41002866;0.00;0.00;41.41002866;116.609458725125;0.985032839004435; 0.888237980459455 ;-17;19;0
B01;B;41738;2020-05-17;BBB;28588.0274;3690.248879;7.74691039476636;28323.69322;3639.425862;264.3341705;50.82301709;39.89754946;38.90509598;0.992453476;0.992453476;0.00;0.00;0.00;0.00;92.4931212304085;0.0248750484536651; 0.995431839425541 ;-14.3571428571429;20;0
B01;B;41738;2020-05-24;BBB;46064.25787;7096.901237;6.4907565050845;25294.54844;3345.075529;20769.70943;3751.825709;51.26165358;0.753270234;50.50838334;0.557678103;49.95070524;0.00;0.00;49.95070524;138.444641196063;0.985305385460802; 0.858369573244523 ;-13.5;21;0
B01;B;41738;2020-05-31;BBB;36252.3653;5484.595289;6.6098523937962;22294.34459;2929.102939;13958.02072;2555.492351;44.35926136;0.660708952;43.69855241;0.345436254;43.35311616;0.00;0.00;43.35311616;123.64036552569;0.985105501540299; 0.868423738355102 ;-9.92857142857143;22;0
B01;B;41738;2020-06-07;BBB;25822.00018;3317.649281;7.78322179136933;25592.4073199999;3277.456061;229.5928582;40.19322063;36.34790321;35.77283203;0.575071182;0.575071182;0.00;0.00;0.00;0.00;91.2748463599752;0.0158213027771513; 0.996747477299482 ;-8.57142857142857;23;0
B01;B;41738;2020-06-14;BBB;26006.31696;3338.114705;7.79071998965356;25955.1125;3328.273563;51.20445656;9.841141913;37.17259927;37.00226567;0.170333594;0.170333594;0.00;0.00;0.00;0.00;89.8004113393817;0.00458223523092363; 0.999018878392439 ;-6.85714285714286;24;0
B01;B;41753;2019-01-06;BBB;36403.35901;5763.494809;6.31619533224082;22375.30491;3142.244361;14028.0541;2621.250448;48.79453896;1.21319895;47.58134001;1.060877009;46.520463;0.00;0.00;46.520463;118.117619959986;0.975136583399332; 0.887005975808543 ;0.00;1;0
B01;B;41753;2019-01-13;BBB;30194.16581;4159.452144;7.25916893972563;30007.61465;4126.356824;186.551156;33.09531994;45.49421621;44.85114029;0.643075926;0.643075926;0.00;0.00;0.00;0.00;91.4281526425269;0.0141353336659671; 0.998210675536174 ;0.00;2;0
B01;B;41753;2019-01-20;BBB;29833.94512;4462.205766;6.68591873268625;20878.87714;2918.718894;8955.067977;1543.486872;45.56417716;2.054579127;43.50959804;0.364382566;43.14521547;0.00;0.00;43.14521547;97.9323241223215;0.954908016602927; 0.934644003984972 ;0.00;3;0
B01;B;41753;2019-01-27;BBB;21184.68584;2929.503824;7.23149280995784;20983.93746;2889.437596;200.7483789;40.06622787;35.64619681;35.0322255;0.613971314;0.613971314;0.00;0.00;0.00;0.00;82.1827876789978;0.0172240342293055; 0.995759124812787 ;0.00;4;0
B01;B;41753;2019-02-03;BBB;30335.5398;4662.696084;6.50600838087992;19306.88851;2705.371225;11028.65129;1957.324859;45.87783552;1.246011936;44.63182359;1.038637087;43.5931865;0.00;0.00;43.5931865;101.632869797603;0.972840655713655; 0.911652224755162 ;0.00;5;0
B01;B;41753;2019-02-10;BBB;28109.05719;4210.705503;6.67561698864315;18339.39722;2554.082164;9769.659978;1656.623338;43.7101183;1.662406865;42.04771144;0.635285598;41.41242584;0.00;0.00;41.41242584;96.3325121680121;0.961967459145495; 0.929696547812102 ;0.00;6;0
B01;B;41753;2019-02-17;BBB;27112.8435;3729.040171;7.27072980088849;26963.36284;3698.044723;149.4806545;30.99544804;41.62982286;41.14548252;0.484340338;0.484340338;0.00;0.00;0.00;0.00;89.5761719558756;0.0116344558954484; 0.997185852969611 ;0.00;7;0
B01;B;41753;2019-02-24;BBB;29131.43361;4370.831579;6.66496365359037;19460.41716;2710.778806;9671.016453;1660.052773;44.65455832;2.418109993;42.23644832;0.00;42.23644832;0.00;0.00;42.23644832;97.8809721434952;0.945848529445269; 0.928409810867235 ;0.00;8;0
B01;B;41753;2019-03-03;BBB;32532.43996;4954.749008;6.56591078730178;20357.18075;2841.290837;12175.2592;2113.458171;46.96043916;1.236127049;45.72431211;1.277771126;44.44654099;0.00;0.00;44.44654099;105.50900069564;0.973677268098189; 0.916416786077807 ;0.00;9;0
B01;B;41753;2019-03-10;BBB;30869.3994;4657.993329;6.62718840918288;19587.80739;2730.182074;11281.59201;1927.811255;45.45802271;0.798026686;44.65999603;1.566817897;43.09317813;0.00;0.00;43.09317813;102.468014473831;0.982444756009494; 0.923708847831981 ;0.00;10;0
B01;B;41753;2019-03-17;BBB;32989.50988;5005.438937;6.59073266005562;20440.52155;2853.061959;12548.98834;2152.376978;47.05835711;1.573185314;45.48517179;0.872459992;44.6127118;0.00;0.00;44.6127118;106.366631654813;0.966569480606332; 0.91992606883084 ;0.00;11;0
B01;B;41753;2019-03-24;BBB;31982.75699;4796.184421;6.66837514628589;20229.02356;2817.405523;11753.73343;1978.778898;46.45135696;1.585962062;44.8653949;0.641594286;44.22380061;0.00;0.00;44.22380061;103.25176130226;0.965857573087355; 0.928740673560311 ;0.00;12;0
B01;B;41753;2019-03-31;BBB;29647.03345;4081.827988;7.26317560101947;29450.89481;4042.47622;196.1386432;39.35176798;44.09614616;43.37563529;0.720510866;0.720510866;0.00;0.00;0.00;0.00;92.5665470444821;0.0163395427660656; 0.996954925757837 ;0.00;13;0
B01;B;41753;2019-04-07;BBB;31723.1375;4782.556252;6.63309239420526;20705.92766;2892.092818;11017.20983;1890.463434;46.12227219;1.390816023;44.73145616;0.682503146;44.04895302;0.00;0.00;44.04895302;103.692988764698;0.969845023587074; 0.926474736578475 ;0.00;14;0
B01;B;41753;2019-04-14;BBB;28785.46944;4320.147246;6.66307600201644;25363.19795;3554.22629;3422.271487;765.9209555;44.09441823;32.83710637;11.25731186;11.25731186;0.00;0.00;0.00;0.00;97.9749233443963;0.255300156162192; 0.933718214293041 ;0.00;15;0
B01;B;41753;2019-04-21;BBB;25036.37144;3443.687193;7.27022230442171;24979.64302;3427.069238;56.72842464;16.61795475;40.13941693;39.62420325;0.515213683;0.515213683;0.00;0.00;0.00;0.00;85.7931543700677;0.0128356045604372; 0.997434398600349 ;0.00;16;0
B01;B;41753;2019-04-28;BBB;24162.66139;3645.646615;6.62781227631412;16877.68227;2358.269117;7284.97912;1287.377497;39.00425392;0.99482426;38.00942966;0.940467994;37.06896167;0.00;0.00;37.06896167;93.467923331579;0.974494467653697; 0.926084799705443 ;0.00;17;0
B01;B;41753;2019-05-05;BBB;29090.27002;3852.269188;7.55146346226727;28890.78117;3809.549767;199.4888491;42.71942059;43.31915943;42.55152352;0.767635908;0.767635908;0.00;0.00;0.00;0.00;88.9276070609111;0.0177204709902193; 0.995738941910697 ;0.00;18;0
B01;B;41753;2019-05-12;BBB;33556.38462;4884.65332;6.86975767197333;21717.41606;2915.818491;11838.96856;1968.834829;44.98643133;1.182621259;43.80381007;0.931652755;42.87215731;0.00;0.00;42.87215731;108.580591426966;0.973711600919734; 0.922345752058542 ;0.00;19;0
B01;B;41753;2019-05-19;BBB;31234.40106;4452.312073;7.0153216009753;20524.52757;2729.220349;10709.87349;1723.091724;43.27332187;2.163053396;41.11026847;0.00;41.11026847;0.00;0.00;41.11026847;102.888150957661;0.950014158688853; 0.932852578597065 ;0.00;20;0
B01;B;41753;2019-05-26;BBB;28960.26609;3713.481305;7.79868369096314;28868.34291;3696.986408;91.92317348;16.49489697;40.48527785;40.16411183;0.321166013;0.321166013;0.00;0.00;0.00;0.00;91.7242390865795;0.00793290870300894; 0.998728181096765 ;0.00;21;0
B01;B;41753;2019-06-02;BBB;29515.81722;3815.901542;7.73495251256669;29307.87366;3768.136169;207.9435562;47.76537349;43.23411433;42.24382436;0.990289972;0.990289972;0.00;0.00;0.00;0.00;88.2613556709813;0.0229052910495923; 0.994488875795842 ;0.00;22;0
B01;B;41753;2019-06-09;BBB;26084.36491;3394.15318;7.68508771604704;25807.91427;3324.279406;276.4506358;69.87377376;39.7670725;37.95927899;1.807793511;1.807793511;0.00;0.00;0.00;0.00;85.3508434647785;0.0454595573008297; 0.98990482378717 ;0.00;23;0
B01;B;41753;2019-06-16;BBB;33344.5422;4711.401771;7.07741428575356;22356.63215;2947.15681;10987.91005;1764.24496;46.49617693;2.06258335;44.43359358;0.076473146;44.35712044;0.00;0.00;44.35712044;101.328799098752;0.955639721667757; 0.932978168156239 ;0.00;24;0
B01;B;41753;2019-06-23;BBB;32846.58029;4245.575499;7.73666144854488;32429.21543;4160.315899;417.3648606;85.2596003;45.28392782;43.58881388;1.695113948;1.695113948;0.00;0.00;0.00;0.00;93.7545770295329;0.037433014970299; 0.992529581822252 ;0.00;25;0
B01;B;41753;2019-06-30;BBB;31166.33626;4028.149264;7.7371353982676;30988.31649;3979.180981;178.0197749;48.96828295;44.93216808;43.54917031;1.382997764;1.382997764;0.00;0.00;0.00;0.00;89.6495636896051;0.0307796801956591; 0.993518380843421 ;0.00;26;0
B01;B;41753;2019-07-07;BBB;31449.31449;4070.69862;7.7257781589343;31227.35539;4011.536986;221.9590922;59.1616341;44.72211578;43.06979781;1.652317972;1.652317972;0.00;0.00;0.00;0.00;91.0220491361556;0.036946328302717; 0.992471006370288 ;0.00;27;0
B01;B;41753;2019-07-14;BBB;34231.46783;4442.767351;7.70498770823438;33863.90842;4347.746492;367.5594122;95.02085885;47.31071402;45.12584412;2.184869898;2.184869898;0.00;0.00;0.00;0.00;93.9061572632761;0.0461812919812703; 0.989234109184942 ;0.00;28;0
B01;B;41753;2019-07-21;BBB;41390.93173;6090.024735;6.79651290940118;26833.50451;3520.350682;14557.42723;2569.674053;51.92531726;1.068037845;50.85727941;1.458908915;49.3983705;0.00;0.00;49.3983705;117.284304773837;0.97943126963188; 0.891650542586256 ;0.00;29;0
B01;B;41753;2019-07-28;BBB;37441.06319;5365.708221;6.97784181470497;31654.42004;4142.349073;5786.643153;1223.359148;49.94810236;32.13583852;17.81226384;17.81226384;0.00;0.00;0.00;0.00;107.425667192054;0.35661542678075; 0.913131769154466 ;0.00;30;0
B01;B;41753;2019-08-04;BBB;33158.38006;4325.02144;7.66663946526008;32635.16176;4202.030069;523.2183023;122.9913708;45.54814991;42.71160307;2.83654684;2.83654684;0.00;0.00;0.00;0.00;94.9549311782354;0.0622757860770376; 0.987139264028117 ;0.00;31;0
B01;B;41753;2019-08-11;BBB;39848.13244;5802.863145;6.86697780807305;27124.0349;3555.340183;12724.09754;2247.522963;51.3424824;1.246792449;50.09568995;1.364881046;48.7308089;0.00;0.00;48.7308089;113.022644674462;0.975716163463105; 0.900103624951883 ;0.00;32;0
B01;B;41753;2019-08-18;BBB;35144.19903;5017.638808;7.00413090196268;24413.90385;3192.849229;10730.29518;1824.789579;48.1787395;2.384701587;45.79403791;0.033673248;45.76036466;0.00;0.00;45.76036466;104.146328029192;0.950503030698842; 0.915999919043943 ;0.00;33;0
B01;B;41753;2019-08-25;BBB;24314.58776;3154.664429;7.70750370038803;23945.67146;3074.595816;368.9163065;80.06861366;37.65121969;35.71666513;1.934554563;1.934554563;0.00;0.00;0.00;0.00;83.7865135571655;0.0513809268047114; 0.989634334063379 ;0.00;34;0
B01;B;41753;2019-09-01;BBB;44067.15444;6656.466173;6.62020256615221;24059.76886;3135.629275;20007.38558;3520.836898;52.90901008;1.121220302;51.78778978;1.258412802;50.52937698;0.00;0.00;50.52937698;125.809690314282;0.978808518656753; 0.862788877717298 ;0.00;35;0
B01;B;41753;2019-09-08;BBB;29898.10788;3872.647089;7.72032854863631;29631.32321;3808.946722;266.7846623;63.70036694;43.85425845;42.13094685;1.723311605;1.723311605;0.00;0.00;0.00;0.00;88.3072072331439;0.0392963344019331; 0.992406579675363 ;0.00;36;0
B01;B;41753;2019-09-15;BBB;33136.86212;4312.174221;7.68449056594831;32632.14182;4204.228051;504.7203024;107.9461698;46.82800065;44.15477748;2.673223175;2.673223175;0.00;0.00;0.00;0.00;92.0853797118071;0.0570859985029064; 0.990046898337633 ;0.00;37;0
B01;B;41753;2019-09-22;BBB;30692.88038;4021.642272;7.63192703480714;30173.80525;3892.499688;519.075132;129.1425843;45.0008824;41.55613796;3.444744435;3.444744435;0.00;0.00;0.00;0.00;89.368075857997;0.0765483753047474; 0.984538521266739 ;0.00;38;0
B01;B;41753;2019-09-29;BBB;37504.46964;5372.464203;6.98086915480189;25194.70243;3285.003138;12309.76721;2087.461065;49.07469952;1.367721245;47.70697828;1.098875538;46.60810274;0.00;0.00;46.60810274;109.475233787432;0.972129809181153; 0.910198369804347 ;0.00;39;0
B01;B;41753;2019-10-06;BBB;51497.20271;7853.529302;6.55720514048195;29177.0396;3811.086422;22320.1631;4042.44288;57.81838436;0.76029651;57.05808785;1.683348327;55.37473952;0.00;0.00;55.37473952;135.831005811246;0.986850263658941; 0.856497979910181 ;0.00;40;0
B01;B;41753;2019-10-13;BBB;48183.26659;7304.052673;6.59678520229094;28224.88455;3698.951558;19958.38204;3605.101115;56.1178331;0.970875925;55.14695717;1.380181407;53.76677577;0.00;0.00;53.76677577;130.155643393864;0.982699333235659; 0.864527500850501 ;0.00;41;0
B01;B;41753;2019-10-20;BBB;25542.25016;3327.730816;7.67557581195894;25069.26213;3227.090152;472.9880279;100.6406649;39.43352231;36.93096172;2.50256059;2.50256059;0.00;0.00;0.00;0.00;84.3883736745504;0.0634627708457424; 0.988053616626414 ;0.00;42;0
B01;B;41753;2019-10-27;BBB;32122.66097;4169.664495;7.70389584306351;31891.59717;4097.946503;231.0637952;71.71799152;44.93460655;42.90974445;2.024862099;2.024862099;0.00;0.00;0.00;0.00;92.7940581912139;0.0450624196908652; 0.989920726179746 ;0.00;43;0
B01;B;41753;2019-11-03;BBB;33062.56404;4295.595759;7.69685182101419;32672.69349;4199.799869;389.8705468;95.79589039;46.7638171;44.59623748;2.167579618;2.167579618;0.00;0.00;0.00;0.00;91.8572525808634;0.0463516400589121; 0.989365547089084 ;0.00;44;0
B01;B;41753;2019-11-10;BBB;46465.04991;6981.045463;6.65588702383731;28540.25157;3731.221044;17924.79834;3249.824418;54.15669107;0.960371919;53.19631915;1.397978894;51.79834025;0.00;0.00;51.79834025;128.904579010868;0.982266791027563; 0.870160014844897 ;0.00;45;0
B01;B;41753;2019-11-17;BBB;35309.61916;5071.281484;6.96266205522265;23557.2015;3087.416778;11752.41766;1983.864706;46.9654724;1.510599411;45.45487299;0.889314243;44.56555875;0.00;0.00;44.56555875;107.978930581352;0.967835958358209; 0.912529429645468 ;0.00;46;0
B01;B;41753;2019-11-24;BBB;31509.59765;4099.619511;7.68598099542024;31107.92948;4002.357894;401.6681708;97.26161681;44.24455246;41.9438509;2.300701556;2.300701556;0.00;0.00;0.00;0.00;92.6581755958844;0.0519996570895363; 0.988881202457779 ;0.00;47;0
B01;B;41753;2019-12-01;BBB;31100.72638;4449.955285;6.9889975040502;26614.62741;3484.943451;4486.098972;965.011834;43.62740604;30.2370081;13.39039793;13.39039793;0.00;0.00;0.00;0.00;101.99908014059;0.306926291187767; 0.915145671798645 ;0.00;48;0
B01;B;41753;2019-12-08;BBB;26111.22069;3391.268626;7.69954361321066;25927.57251;3341.762277;183.6481746;49.50634901;39.20493901;37.42935321;1.775585806;1.775585806;0.00;0.00;0.00;0.00;86.5010560311034;0.0452898499739306; 0.99238154234531 ;0.00;49;0
B01;B;41753;2019-12-15;BBB;39968.38018;6536.203244;6.11492309647647;23963.02493;3253.222355;16005.35525;3282.980889;54.94525137;4.609792733;50.33545864;50.33545864;0.00;0.00;0.00;0.00;118.958473772108;0.916102072243554; 0.830162493035602 ;0.00;50;0
B01;B;41753;2019-12-22;BBB;36996.34923;5334.601483;6.93516645018336;23055.77162;3006.662038;13940.5776;2327.939444;48.11480909;1.935252424;46.17955667;0.189910676;45.98964599;0.00;0.00;45.98964599;110.872340219027;0.959778445418331; 0.904402682185205 ;0.00;51;0
B01;B;41753;2019-12-29;BBB;30157.32659;4233.819498;7.12295991934609;26579.27057;3472.669669;3578.056021;761.1498284;43.02039048;32.1061866;10.91420388;10.91420388;0.00;0.00;0.00;0.00;98.4142507950569;0.253698391814318; 0.930638288220558 ;0.00;52;0
B01;B;41753;2020-01-05;BBB;35521.58127;5162.743994;6.88036852326635;24154.92958;3167.1699;11366.6517;1995.574094;46.27904145;1.386793556;44.8922479;0.753874568;44.13837333;0.00;0.00;44.13837333;111.556848029747;0.970034090885433; 0.902146951645 ;0.00;1;0
B01;B;41753;2020-01-12;BBB;44375.6669;6632.832999;6.69030366160136;26305.36757;3475.390047;18070.29933;3157.442952;52.1029646;1.712840789;50.39012382;0.135843292;50.25428052;0.00;0.00;50.25428052;127.302410715416;0.967125847959907; 0.883903815259899 ;0.00;2;0
B01;B;41753;2020-01-19;BBB;33627.05332;4649.798768;7.23193733703531;22230.61108;2892.70059;11396.44224;1757.098177;45.38658981;1.317408708;44.0691811;0.517801133;43.55137997;0.00;0.00;43.55137997;102.44873623388;0.970973613229921; 0.941037082894487 ;0.00;3;0
B01;B;41753;2020-01-26;BBB;26677.72427;3445.313189;7.74319279744295;26449.33754;3399.147063;228.3867303;46.16612562;39.49744415;38.56216965;0.935274501;0.935274501;0.00;0.00;0.00;0.00;87.2287628514819;0.0236793676433365; 0.995119481380816 ;0.00;4;0
B01;B;41753;2020-02-02;BBB;47803.41647;7266.065942;6.5789956837141;29341.80826;3859.968542;18461.60821;3406.0974;53.33856983;23.23685528;30.10171455;30.10171455;0.00;0.00;0.00;0.00;136.225361219064;0.564351737325163; 0.865478915002978 ;0.00;5;0
B01;B;41753;2020-02-09;BBB;42508.7914;6413.771896;6.62773670303288;23481.95748;3072.339205;19026.83392;3341.432691;51.75024303;1.225963287;50.52427974;0.95250542;49.57177432;0.00;0.00;49.57177432;123.937039141669;0.976309999369678; 0.867161748780467 ;0.00;6;0
B01;B;41753;2020-02-16;BBB;31762.74085;4487.027763;7.07879302907714;26807.04391;3492.180616;4955.696943;994.8471472;43.659442;31.951431;11.708011;11.708011;0.00;0.00;0.00;0.00;102.773364877178;0.268166757605377; 0.922161499187066 ;1.85714285714286;7;0
B01;B;41753;2020-02-23;BBB;42826.77479;6428.220883;6.66230603606967;29549.11478;3885.319743;13277.66001;2542.901141;50.96776086;23.89378305;27.0739778;27.0739778;0.00;0.00;0.00;0.00;126.123274292101;0.531198101371723; 0.876005571353686 ;4.85714285714286;8;0
B01;B;41753;2020-03-01;BBB;36855.13074;5249.401415;7.02082539062218;29412.59538;3850.930622;7442.535361;1398.470793;47.57508564;32.71254287;14.86254277;14.86254277;0.00;0.00;0.00;0.00;110.339295124388;0.312401808006498; 0.919222229087832 ;7.92857142857143;9;0
B01;B;41753;2020-03-08;BBB;37441.32115;5313.366626;7.04662858512109;30241.7526;3948.185183;7199.568554;1365.181443;47.79342906;32.69389703;15.09953203;15.09953203;0.00;0.00;0.00;0.00;111.173580354102;0.315933221929818; 0.919966343811679 ;9.21428571428571;10;0
B01;B;41753;2020-03-15;BBB;65214.73316;10009.47381;6.51530084377133;28522.4401;3730.660708;36692.29306;6278.813099;61.41610052;0.760072857;60.65602767;1.352717291;59.30331037;0.00;0.00;59.30331037;162.978009434846;0.987624208577806; 0.852184342343731 ;-6.71428571428571;11;0
B01;B;41753;2020-03-22;BBB;46982.00309;6678.218497;7.03511020358279;36767.88285;4807.515373;10214.12024;1870.703124;53.79347446;36.38313928;17.41033518;17.41033518;0.00;0.00;0.00;0.00;124.145513262316;0.323651434579599; 0.919862603796167 ;-27.8571428571429;12;0
B01;B;41753;2020-03-29;BBB;36735.54329;5576.047098;6.58809774099222;23992.10144;3186.805958;12743.44185;2389.24114;45.49921809;0.421193468;45.07802463;0.89643568;44.18158895;0.00;0.00;44.18158895;122.552591716417;0.990742841796383; 0.875079208271318 ;-28.5;13;0
B01;B;41753;2020-04-05;BBB;29637.93145;4386.758796;6.75622545671417;24929.95043;3314.154432;4707.981016;1072.604364;40.14468426;23.27547344;16.86921082;16.86921082;0.00;0.00;0.00;0.00;109.273715234347;0.420210325002068; 0.898163620655081 ;-28.8571428571429;14;0
B01;B;41753;2020-04-12;BBB;23472.57125;3318.265026;7.07374819855634;20859.9757;2738.822797;2612.59555;579.4422294;35.30891181;26.25444305;9.05446876;9.05446876;0.00;0.00;0.00;0.00;93.9781164555805;0.256435791868149; 0.928751936486857 ;-31.7857142857143;15;0
B01;B;41753;2020-04-19;BBB;25794.32526;3576.401469;7.21236848927153;23235.115;3031.860035;2559.210255;544.5414333;38.58714571;30.3650033;8.222142416;8.222142416;0.00;0.00;0.00;0.00;92.68375266412;0.213079829168842; 0.941113989765735 ;-27.5;16;0
B01;B;41753;2020-04-26;BBB;29707.70646;4245.113442;6.99809483677869;20332.15527;2680.751068;9375.551193;1564.362373;41.52482057;0.955590639;40.56922993;0.459293455;40.10993648;0.00;0.00;40.10993648;102.230747387429;0.976987482982879; 0.92268379611188 ;-22.5;17;0
B01;B;41753;2020-05-03;BBB;26661.38593;3440.30773;7.74970962553981;26436.03795;3395.392167;225.3479748;44.91556282;38.02474739;37.33249996;0.692247425;0.692247425;0.00;0.00;0.00;0.00;90.4754920450768;0.018205181428294; 0.995357300093541 ;-16.8571428571429;18;0
B01;B;41753;2020-05-10;BBB;42523.94481;6448.13837;6.59476307267891;24336.37962;3224.27439;18187.56519;3223.86398;49.92086904;0.51664804;49.404221;0.671845319;48.73237569;0.00;0.00;48.73237569;129.167189874706;0.989650660136024; 0.873725920427449 ;-17;19;0
B01;B;41753;2020-05-17;BBB;28511.04815;3688.890588;7.72889503493184;28163.07015;3625.712499;347.977991;63.17808892;40.48758689;39.52602812;0.961558772;0.961558772;0.00;0.00;0.00;0.00;91.1116436260398;0.0237494710320089; 0.995017630619061 ;-14.3571428571429;20;0
B01;B;41753;2020-05-24;BBB;34961.27887;4995.228098;6.99893542078647;22785.91858;2994.430957;12175.36029;2000.797141;45.55484311;0.369238036;45.18560507;0.512919959;44.67268511;0.00;0.00;44.67268511;109.65306336229;0.991894647971712; 0.919771077758623 ;-13.5;21;0
B01;B;41753;2020-05-31;BBB;30545.43684;4342.572876;7.03394916152468;20324.81611;2667.947848;10220.62073;1674.625029;41.5057283;0.526504323;40.97922398;0.336336655;40.64288732;0.00;0.00;40.64288732;104.625868617754;0.987314899856847; 0.923315095539685 ;-9.92857142857143;22;0
B01;B;41753;2020-06-07;BBB;27555.75587;3551.405044;7.75911379541308;27348.04931;3511.233428;207.7065602;40.1716164;39.03811401;38.43197737;0.606136641;0.606136641;0.00;0.00;0.00;0.00;90.9727617243567;0.0155267910956132; 0.996197550373305 ;-8.57142857142857;23;0
B01;B;41753;2020-06-14;BBB;29703.6702;3818.591283;7.77869847769199;29593.61878;3797.741193;110.0514155;20.85008969;40.85212795;40.3714481;0.48067985;0.48067985;0.00;0.00;0.00;0.00;93.4734975782332;0.0117663356628158; 0.998238297798917 ;-6.85714285714286;24;0
