290,2062892697,900021,60000000013538,281.00000,5000.00000,0.77600,15.27600
290,2062892697,900022,60000000013538,17.00000,5000.00000,0.51200,15.01200
71,2104370950,900021,60000000105443,53.00000,27464.00000,2.90000,17.40000
71,2104370950,900022,60000000105443,29.00000,16232.00000,1.70000,16.20000
110,2062892698,900021,60000000019825,1349.00000,160366.40000,83.82800,98.32800
110,2062892698,900022,60000000019825,2021.00000,238049.60000,125.49200,139.99200
120,2062892698,900023,60000000029797,149.00000,68000.00000,42.83600,57.33600
120,2062892698,900024,60000000029797,341.00000,152000.00000,99.28400,113.78400
130,2062892698,900025,60000000021068,749.00000,580856.00000,409.70000,424.20000
130,2062892698,900026,60000000021068,461.00000,357944.00000,251.30000,265.80000
340,2062892698,900027,232822,185.00000,80600.00000,72.50000,87.00000
340,2062892698,900028,232822,65.00000,30200.00000,24.50000,39.00000
60,2062966013,900021,60000000019779,1397.00000,3137000.00000,473.78000,488.28000
60,2062966013,900022,60000000019779,1013.00000,2273000.00000,343.22000,357.72000
30,2063065742,900021,60000000019788,965.00000,240200.00000,403.70000,418.20000
30,2063065742,900022,60000000019788,3845.00000,945800.00000,1613.30000,1627.80000
50,2063065742,900023,60000000019740,269.00000,1188988.78400,483.62000,498.12000
50,2063065742,900024,60000000019740,221.00000,973718.09600,395.78000,410.28000
80,2063065742,900025,60000000019775,245.00000,372069.20000,77.30000,91.80000
80,2063065742,900026,60000000019775,125.00000,188534.60000,38.90000,53.40000
240,2063065742,900027,60000000105442,1985.00000,9951.98000,69.80000,84.30000
240,2063065742,900028,60000000105442,1265.00000,8151.26000,44.60000,59.10000
400,2063065742,900029,241770,385.00000,159375.00000,26.72000,41.22000
400,2063065742,900030,241770,25.00000,13125.00000,1.88000,16.38000
550,2063065742,900031,60000000041708,161.00000,83624.00000,43.71200,58.21200
550,2063065742,900032,60000000041708,929.00000,470696.00000,256.44800,270.94800
670,2063065742,900033,241107,23.00000,5000.01800,0.51800,15.01800
670,2063065742,900034,241107,1031.00000,5001.02600,1.52600,16.02600
670,2063065742,900035,241107,161.00000,5000.15600,0.65600,15.15600
40,2063261794,900021,60000000019786,269.00000,309128.00000,132.50000,147.00000
40,2063261794,900022,60000000019786,533.00000,613256.00000,264.50000,279.00000
80,2063261794,900023,60000000019775,269.00000,408776.12000,84.98000,99.48000
80,2063261794,900024,60000000019775,29.00000,41706.92000,8.18000,22.68000
150,2063261794,900025,60000000021057,65.00000,51440.00000,33.50000,48.00000
150,2063261794,900026,60000000021057,65.00000,51440.00000,33.50000,48.00000
150,2063261794,900027,60000000021057,137.00000,107168.00000,73.10000,87.60000
150,2063261794,900028,60000000021057,221.00000,172184.00000,119.30000,133.80000
150,2063261794,900029,60000000021057,17.00000,14288.00000,7.10000,21.60000
170,2063261794,900030,60000000045390,125.00000,5000.00000,61.10000,75.60000
170,2063261794,900031,60000000045390,245.00000,5000.00000,121.70000,136.20000
400,2063261794,900032,209401,170.00000,263637.50000,79.70000,94.20000
400,2063261794,900033,209401,80.00000,122562.50000,36.50000,51.00000
730,2063261794,900034,60000000013525,329.00000,5000.00000,0.82400,15.32400
730,2063261794,900035,60000000013525,257.00000,5000.00000,0.75200,15.25200
30,2063347471,900021,60000000019825,2309.00000,271342.40000,143.34800,157.84800
30,2063347471,900022,60000000019825,7301.00000,848417.60000,452.85200,467.35200
70,2063347471,900023,240742,5235.00000,695360.00000,1517.20000,1531.70000
70,2063347471,900024,240742,3095.00000,412880.00000,896.60000,911.10000
120,2063347471,900025,60000000029971,1301.00000,331592.00000,64.00400,78.50400
120,2063347471,900026,60000000029971,7349.00000,1855688.00000,360.35600,374.85600
20,2063347475,900021,60000000021068,1325.00000,1026680.00000,726.50000,741.00000
20,2063347475,900022,60000000021068,1325.00000,1026680.00000,726.50000,741.00000
30,2063347475,900023,60000000029798,1925.00000,845000.00000,564.98000,579.48000
30,2063347475,900024,60000000029798,1925.00000,845000.00000,564.98000,579.48000
40,2063347475,900025,60000000021057,749.00000,580856.00000,409.70000,424.20000
40,2063347475,900026,60000000021057,1325.00000,1026680.00000,726.50000,741.00000
40,2063347475,900027,60000000021057,353.00000,274352.00000,191.90000,206.40000
40,2063347475,900028,60000000021057,161.00000,125744.00000,86.30000,100.80000
40,2063347475,900029,60000000021057,77.00000,60728.00000,40.10000,54.60000
50,2063347475,900030,60000000029835,221.00000,73607.00000,32.90000,47.40000
50,2063347475,900031,60000000029835,1709.00000,546233.00000,256.10000,270.60000
80,2063347475,900032,232815,125.00000,30920.00000,27.26000,41.76000
80,2063347475,900033,232815,29.00000,10184.00000,5.85200,20.35200
240,2063385151,900021,60000000105607,305.00000,153155.00000,39.50000,54.00000
240,2063385151,900022,60000000105607,425.00000,212417.00000,55.10000,69.60000
60,2063385376,900021,60000000021057,101.00000,79304.00000,53.30000,67.80000
60,2063385376,900022,60000000021057,269.00000,209336.00000,145.70000,160.20000
170,2063389931,900021,60000000021282,149.00000,46472.00000,18.78800,33.28800
170,2063389931,900022,60000000021282,365.00000,108680.00000,46.22000,60.72000
260,2063466394,900021,237070,1301.00000,108680.00000,17.34800,31.84800
260,2063466394,900022,237070,629.00000,54920.00000,8.61200,23.11200
260,2063466394,900023,237070,389.00000,35720.00000,5.49200,19.99200
280,2063466394,900024,60000000021155,17.00000,8456.00000,2.03600,16.53600
280,2063466394,900025,60000000021155,209.00000,63752.00000,26.61200,41.11200
380,2063466394,900026,234277,161.00000,7299.75200,3.62000,18.12000
380,2063466394,900027,234277,89.00000,6238.32800,2.18000,16.68000
30,2063466466,900021,60000000019786,245.00000,281480.00000,120.50000,135.00000
30,2063466466,900022,60000000019786,557.00000,640904.00000,276.50000,291.00000
140,2104370974,900021,60000000045201,41.00000,41000.00000,32.90000,47.40000
140,2104370974,900022,60000000045201,89.00000,89000.00000,76.10000,90.60000
20,2104370977,900021,60000000113767,3461.00000,7253.31200,691.70000,740.76000
20,2104370977,900022,60000000113767,1349.00000,5876.28800,269.30000,297.24000
180,2104370977,900023,60000000045196,89.00000,89000.00000,76.10000,90.60000
180,2104370977,900024,60000000045196,341.00000,341000.00000,302.90000,317.40000
250,2104370977,900025,60000000029231,473.00000,139784.00000,22.02800,36.52800
250,2104370977,900026,60000000029231,401.00000,119048.00000,18.71600,33.21600
430,2104370977,900027,60000000105607,35.00000,19815.50000,4.46000,20.13000
430,2104370977,900028,60000000105607,695.00000,345756.50000,91.58000,132.99000
101,2104390098,900021,60000000115470,113.00000,7808.00000,1.47200,15.32400
101,2104390098,900022,60000000115470,977.00000,30272.00000,9.24800,17.91600
160,2104390098,900023,60000000029231,149.00000,46472.00000,7.12400,21.62400
160,2104390098,900024,60000000029231,437.00000,129416.00000,20.37200,34.87200
410,2104390098,900025,60000000105790,77.00000,29480.00000,9.14000,23.64000
410,2104390098,900026,60000000105790,77.00000,29480.00000,9.14000,23.64000
180,2104390109,900021,209401,43.00000,64565.00000,14.21800,32.10000
180,2104390109,900022,209401,207.00000,321635.00000,73.42200,105.90000
230,2104390109,900023,60000000029971,461.00000,119912.00000,22.84400,37.34400
230,2104390109,900024,60000000029971,989.00000,252968.00000,48.71600,63.21600
20,2104390111,900021,60000000113767,1925.00000,6251.84000,384.50000,418.20000
20,2104390111,900022,60000000113767,5765.00000,8755.52000,1152.50000,1224.60000
130,2104390111,900023,60000000029798,437.00000,194000.00000,127.50800,142.00800
130,2104390111,900024,60000000029798,53.00000,26000.00000,14.61200,29.11200
140,2104390111,900025,60000000021057,53.00000,42152.00000,26.90000,41.40000
20,2063560426,30,ABDA136A,53.00000,21320.00000,7.46000,21.96000
140,2104390111,900026,60000000021057,317.00000,246488.00000,172.10000,186.60000
30,2063560426,40,60000000105442,149.00000,5360.14400,5.54000,20.04000
160,2104390111,900027,60000000029837,437.00000,142214.00000,65.30000,79.80000
40,2063560426,50,60000000041924,77.00000,130493.33600,27.86000,42.36000
160,2104390111,900028,60000000029837,53.00000,20246.00000,7.70000,22.20000
50,2063560426,60,230842,71.00000,5000.06600,0.56600,15.06600
250,2104390111,900029,232846,89.00000,23144.00000,8.90000,33.06000
250,2104390111,900030,232846,41.00000,12776.00000,4.10000,22.74000
20,2063560436,30,60000000019747,965.00000,604040.00000,202.10000,216.60000
290,2104390111,900031,232822,65.00000,30200.00000,12.50000,38.34000
120,2063560436,120,240735,325.00000,212360.00000,43.70000,58.20000
290,2104390111,900032,232822,305.00000,131000.00000,60.50000,131.70000
130,2063560436,130,240643,125.00000,25202.00000,34.10000,48.60000
310,2104390111,900033,231207,105.00000,39650.00000,7.50000,24.90000
140,2063560436,140,209401,245.00000,381200.00000,115.70000,130.20000
310,2104390111,900034,231207,405.00000,143600.00000,28.50000,54.60000
160,2063560436,150,60000000105606,245.00000,35240.00000,14.90000,29.40000
400,2104390111,900035,60000000105607,725.00000,360572.00000,95.54000,138.12000
170,2063560436,160,241763,205.00000,31314.40000,38.50000,53.00000
400,2104390111,900036,60000000105607,2165.00000,1071716.00000,285.62000,384.36000
180,2063560436,170,241770,105.00000,45625.00000,7.40000,21.90000
490,2104390111,900037,124685,869.00000,5000.00000,66226.10000,66240.60000
190,2063560436,180,60000000029971,485.00000,125960.00000,24.02000,38.52000
490,2104390111,900038,124685,101.00000,5000.00000,7358.90000,7373.40000
200,2063560436,190,237056,485.00000,43400.00000,6.74000,21.24000
210,2063560436,200,237063,485.00000,39560.00000,6.74000,21.24000
20,2104409008,900021,60000000113767,2405.00000,6564.80000,480.50000,519.00000
220,2063560436,210,237070,485.00000,43400.00000,6.74000,21.24000
30,2063560436,40,60000000019788,725.00000,181400.00000,302.90000,317.40000
230,2063560436,220,60000000024199,245.00000,5000.24000,0.74000,15.24000
240,2063560436,230,60000000029251,245.00000,245000.00000,16.10000,30.60000
250,2063560436,240,60000000021187,125.00000,30920.00000,15.74000,30.24000
260,2063560436,250,240476,125.00000,38633.60000,0.62000,15.12000
280,2063560436,260,60000000020766,125.00000,42026.00000,14.78000,29.28000
40,2063560436,50,60000000029836,65.00000,14600.00000,2.84000,17.34000
50,2063560436,60,60000000029834,65.00000,16223.30000,2.84000,17.34000
60,2063560436,70,60000000029231,65.00000,22280.00000,3.26000,17.76000
70,2063560436,80,60000000105442,185.00000,5450.18000,6.80000,21.30000
80,2063560436,90,60000000105445,185.00000,7903.04000,9.50000,24.00000
100,2063560436,100,231207,205.00000,74300.00000,21.50000,36.00000
110,2063560436,110,240742,205.00000,31400.00000,58.50000,73.00000
20,2063560441,30,60000000019740,35.00000,139544.18000,55.40000,69.90000
30,2063560441,40,60000000019788,77.00000,22640.00000,30.74000,45.24000
20,2063560447,30,60000000019740,23.00000,85726.50800,33.44000,47.94000
30,2063560447,40,60000000019788,53.00000,16760.00000,20.66000,35.16000
20,2063560452,30,60000000019740,23.00000,85726.50800,33.44000,47.94000
30,2063560452,40,60000000019788,53.00000,16760.00000,20.66000,35.16000
20,2063560458,30,60000000019740,23.00000,85726.50800,33.44000,47.94000
30,2063560458,40,60000000019788,53.00000,16760.00000,20.66000,35.16000
20,2063560464,30,60000000019740,35.00000,139544.18000,55.40000,69.90000
30,2063560464,40,60000000019788,77.00000,22640.00000,30.74000,45.24000
20,2063560475,30,60000000019740,35.00000,139544.18000,55.40000,69.90000
30,2063560475,40,60000000019788,77.00000,22640.00000,30.74000,45.24000
30,2104409008,900022,60000000113770,2885.00000,8628.80000,1152.50000,1195.80000
80,2104409008,900023,60000000114858,1181.00000,10433.12000,329.78000,379.56000
80,2104409008,900024,60000000114858,29.00000,5110.88000,7.22000,22.44000
111,2104409008,900025,60000000105443,53.00000,27464.00000,2.90000,17.40000
121,2104409008,900026,60000000105446,77.00000,50864.00000,5.54000,20.04000
131,2104409008,900027,60000000115473,185.00000,29300.00000,8.60000,28.50000
141,2104409008,900028,60000000115474,437.00000,16232.00000,4.38800,16.29600
151,2104409008,900029,60000000115470,437.00000,16232.00000,4.38800,16.29600
160,2104409008,900030,60000000115473,437.00000,63320.00000,19.94000,47.40000
170,2104409008,900031,60000000029798,365.00000,162500.00000,106.34000,120.84000
180,2104409008,900032,60000000029835,125.00000,43115.00000,18.50000,33.00000
190,2104409008,900033,60000000029837,125.00000,43115.00000,18.50000,33.00000
200,2104409008,900034,60000000029836,437.00000,74120.00000,17.34800,31.84800
210,2104409008,900035,60000000029232,125.00000,41000.00000,18.50000,33.00000
220,2104409008,900036,60000000029231,581.00000,170888.00000,26.99600,41.49600
230,2104409008,900037,60000000013525,149.00000,5000.00000,0.64400,15.14400
240,2104409008,900038,60000000013545,149.00000,5000.00000,0.64400,15.14400
250,2104409008,900039,60000000013538,149.00000,5000.00000,0.64400,15.14400
270,2104409008,900040,236486,77.00000,22496.00000,7.70000,30.12000
290,2104409008,900041,232846,185.00000,43880.00000,18.50000,53.70000
310,2104409008,900042,237063,1157.00000,87944.00000,10.86800,28.82400
320,2104409008,900043,241251,581.00000,51080.00000,5.68400,21.91200
330,2104409008,900044,232815,185.00000,43880.00000,18.50000,52.62000
340,2104409008,900045,232822,77.00000,35240.00000,14.90000,43.00800
350,2104409008,900046,237056,1157.00000,97160.00000,10.86800,28.82400
360,2104409008,900047,231207,505.00000,178250.00000,35.50000,64.50000
20,2063560479,30,60000000019740,23.00000,85726.50800,33.44000,47.94000
30,2063560479,40,60000000019788,53.00000,16760.00000,20.66000,35.16000
20,2063560484,30,60000000019740,23.00000,85726.50800,33.44000,47.94000
30,2063560484,40,60000000019788,53.00000,16760.00000,20.66000,35.16000
20,2063560488,30,60000000019740,35.00000,139544.18000,55.40000,69.90000
30,2063560488,40,60000000019788,77.00000,22640.00000,30.74000,45.24000
20,2063560492,30,60000000019740,35.00000,139544.18000,55.40000,69.90000
30,2063560492,40,60000000019788,77.00000,22640.00000,30.74000,45.24000
20,2063560496,30,60000000019740,35.00000,139544.18000,55.40000,69.90000
30,2063560496,40,60000000019788,77.00000,22640.00000,30.74000,45.24000
20,2063560500,30,60000000019740,23.00000,85726.50800,33.44000,47.94000
30,2063560500,40,60000000019788,53.00000,16760.00000,20.66000,35.16000
20,2063560501,30,60000000019740,23.00000,85726.50800,33.44000,47.94000
30,2063560501,40,60000000019788,53.00000,16760.00000,20.66000,35.16000
20,2063560502,30,60000000019740,35.00000,139544.18000,55.40000,69.90000
30,2063560502,40,60000000019788,53.00000,16760.00000,20.66000,35.16000
20,2063560503,30,60000000019740,23.00000,85726.50800,33.44000,47.94000
30,2063560503,40,60000000019788,53.00000,16760.00000,20.66000,35.16000
20,2063560504,30,60000000019740,23.00000,85726.50800,33.44000,47.94000
30,2063560504,40,60000000019788,53.00000,16760.00000,20.66000,35.16000
20,2063560505,30,60000000019740,35.00000,139544.18000,55.40000,69.90000
30,2063560505,40,60000000019788,77.00000,22640.00000,30.74000,45.24000
20,2063560506,30,60000000019740,35.00000,139544.18000,55.40000,69.90000
30,2063560506,40,60000000019788,77.00000,22640.00000,30.74000,45.24000
20,2063560507,30,60000000019740,23.00000,85726.50800,33.44000,47.94000
370,2104409008,900048,230859,605.00000,155000.00000,106.10000,120.60000
380,2104409008,900049,240643,305.00000,55505.00000,2.30000,21.00000
390,2104409008,900050,209364,1445.00000,527720.00000,86.90000,137.40000
400,2104409008,900051,224381,65.00000,38000.00000,5.24000,22.02000
410,2104409008,900052,60000000105606,245.00000,35240.00000,6.74000,24.60000
420,2104409008,900053,60000000105607,1445.00000,716144.00000,190.58000,261.24000
430,2104409008,900054,60000000029971,245.00000,65480.00000,12.26000,26.76000
440,2104409008,900055,60000000029973,245.00000,80600.00000,12.26000,26.76000
450,2104409008,900056,60000000112456,365.00000,18608.00000,26.42000,65.76000
480,2104409008,900057,230842,125.00000,64148.00000,12.38000,30.84000
490,2104409008,900058,60000000024191,725.00000,242600.00000,32.18000,59.64000
500,2104409008,900059,60000000109281,245.00000,53116.40000,14.90000,33.72000
510,2104409008,900060,60000000021282,437.00000,129416.00000,55.36400,69.86400
520,2104409008,900061,60000000021155,149.00000,46472.00000,18.93200,33.43200
530,2104409008,900062,60000000021179,149.00000,46472.00000,18.78800,33.28800
540,2104409008,900063,60000000106027,149.00000,53960.00000,17.78000,32.28000
550,2104409008,900064,240476,149.00000,46040.00000,14400.50000,16863.00000
560,2104409008,900065,240957,149.00000,46040.00000,14400.50000,16863.00000
570,2104409008,900066,60000000041708,113.00000,59432.00000,30.41600,44.91600
580,2104409008,900067,60000000041709,173.00000,89672.00000,47.03600,57.00000
580,2104409008,900068,60000000041709,17.00000,11048.00000,3.82400,18.00000
590,2104409008,900069,60000000105790,149.00000,53960.00000,17.78000,32.28000
600,2104409008,900070,60000000106202,149.00000,53960.00000,2.66000,17.16000
610,2104409008,900071,60000000109460,149.00000,46040.00000,14400.50000,16863.00000
620,2104409008,900072,60000000111771,149.00000,5013.82400,0.64400,22.05600
630,2104409008,900073,60000000113440,149.00000,9838.40000,1.94000,27.67200
640,2104409008,900074,60000000110560,77.00000,41288.00000,20.44400,34.94400
650,2104409008,900075,60000000109463,77.00000,25520.00000,7200.50000,8439.00000
661,2104409008,900076,60000000111714,77.00000,5000.00000,0.57200,15.72000
670,2104409008,900077,60000000113107,149.00000,9105.15200,0.64400,33.28800
680,2104409008,900078,60000000108656,77.00000,5000.00000,0.57200,18.52800
690,2104409008,900079,60000000111713,221.00000,12257.60000,0.71600,33.36000
700,2104409008,900080,411312,105.00000,14723.60000,6.00000,20.50000
710,2104409008,900081,233703,155.00000,34400.00000,18.50000,33.00000
720,2104409008,900082,233710,305.00000,61700.00000,8.30000,22.80000
80,2104411872,900021,60000000114858,149.00000,5665.28000,40.82000,59.64000
290,2104411872,900022,232822,17.00000,10040.00000,2.90000,19.66800
290,2104411872,900023,232822,113.00000,50360.00000,22.10000,57.01200
20,2104427638,900021,60000000114858,269.00000,6219.68000,74.42000,96.84000
20,2104427641,900021,60000000114858,1613.00000,12428.96000,450.74000,513.48000
20,2104427641,900022,60000000114858,317.00000,6441.44000,87.86000,111.72000
20,2104427653,900021,60000000114858,269.00000,6219.68000,74.42000,96.84000
20,2104427653,900022,60000000114858,1181.00000,10433.12000,329.78000,379.56000
20,2104427660,900021,60000000114858,869.00000,8991.68000,242.42000,282.84000
20,2104427660,900022,60000000114858,581.00000,7661.12000,161.78000,193.56000
20,2104427788,900021,60000000114858,1133.00000,10211.36000,316.34000,364.68000
80,2104428727,900021,60000000029835,125.00000,43115.00000,18.50000,33.00000
80,2104428727,900022,60000000029835,29.00000,12623.00000,4.10000,18.60000
190,2104428727,900023,232815,233.00000,54248.00000,23.30000,62.65200
190,2104428727,900024,232815,137.00000,33512.00000,13.70000,42.58800
200,2104428727,900025,232822,1301.00000,549320.00000,259.70000,519.14400
200,2104428727,900026,232822,2309.00000,972680.00000,461.30000,911.25600
30,2063560507,40,60000000019788,53.00000,16760.00000,20.66000,35.16000
20,2063560508,30,60000000019740,23.00000,85726.50800,33.44000,47.94000
30,2063560508,40,60000000019788,53.00000,16760.00000,20.66000,35.16000
20,2063560509,30,60000000019740,23.00000,85726.50800,33.44000,47.94000
30,2063560509,40,60000000019788,53.00000,16760.00000,20.66000,35.16000
20,2063560510,30,60000000019740,23.00000,85726.50800,33.44000,47.94000
30,2063560510,40,60000000019788,53.00000,16760.00000,20.66000,35.16000
20,2063560511,30,60000000019740,23.00000,85726.50800,33.44000,47.94000
30,2063560511,40,60000000019788,53.00000,16760.00000,20.66000,35.16000
20,2063560512,30,60000000019740,17.00000,58817.67200,22.46000,36.96000
30,2063560512,40,60000000019788,29.00000,10880.00000,10.58000,25.08000
20,2063560513,30,60000000021290,29.00000,13640.00000,4.29200,18.79200
20,2063560514,30,60000000021282,29.00000,11912.00000,3.54800,18.04800
30,2063560514,40,60000000041708,77.00000,41288.00000,20.44400,34.94400
40,2063560514,50,60000000106202,41.00000,17240.00000,1.04000,15.54000
50,2063560514,60,240476,41.00000,15090.08000,0.53600,15.03600
60,2063560514,70,240957,41.00000,15090.08000,0.53600,15.03600
20,2063560515,30,ABDA136A,2801.00000,955640.00000,405.92000,420.42000
30,2063560515,40,60000000021313,245.00000,49160.00000,8.18000,22.68000
40,2063560515,50,60000000024236,485.00000,116936.00000,18.74000,33.24000
20,2063560516,30,551984,245.00000,5000.24000,0.74000,15.24000
30,2063560516,40,60000000021187,245.00000,56840.00000,30.98000,45.48000
40,2063560516,50,60000000021290,1541.00000,557960.00000,243.18800,257.68800
50,2063560516,60,60000000105790,2825.00000,963800.00000,338.90000,353.40000
20,2063560517,30,60000000021179,725.00000,212360.00000,91.94000,106.44000
30,2063560517,40,60000000021282,725.00000,212360.00000,91.94000,106.44000
20,2104445997,900021,60000000021068,1229.00000,952376.00000,673.70000,688.20000
20,2104445997,900022,60000000021068,101.00000,79304.00000,53.30000,67.80000
20,2104445997,900023,60000000021068,1325.00000,1026680.00000,726.50000,741.00000
120,2104445997,900024,237063,6917.00000,502664.00000,62.70800,97.94400
120,2104445997,900025,237063,13253.00000,958856.00000,119.73200,173.97600
120,2104445997,900026,237063,581.00000,46472.00000,5.68400,21.91200
280,2104445997,900027,60000000113440,2657.00000,94107.20000,27.02000,248.37600
280,2104445997,900028,60000000113440,1265.00000,47336.00000,13.10000,125.88000
280,2104445997,900029,60000000113440,893.00000,34836.80000,9.38000,93.14400
40,2104468229,900021,60000000115445,497.00000,71420.00000,22.64000,51.90000
40,2104468229,900022,60000000115445,6113.00000,829580.00000,275.36000,473.10000
60,2104468229,900023,60000000029797,2573.00000,1128500.00000,755.49200,769.99200
60,2104468229,900024,60000000029797,437.00000,194000.00000,127.50800,142.00800
70,2104468229,900025,60000000021068,1505.00000,1166000.00000,825.50000,840.00000
70,2104468229,900026,60000000021068,185.00000,144320.00000,99.50000,114.00000
80,2104468229,900027,60000000029798,3461.00000,1517000.00000,1016.56400,1031.06400
80,2104468229,900028,60000000029798,3125.00000,1370000.00000,917.78000,932.28000
80,2104468229,900029,60000000029798,29.00000,15500.00000,7.55600,22.05600
90,2104468229,900030,60000000021057,593.00000,460112.00000,323.90000,338.40000
90,2104468229,900031,60000000021057,1517.00000,1175288.00000,832.10000,846.60000
40,2063560517,50,60000000041709,725.00000,367880.00000,199.94000,214.44000
100,2104468229,900032,60000000029835,1205.00000,386150.00000,180.50000,195.00000
50,2063560517,60,60000000106202,2177.00000,743480.00000,33.08000,47.58000
100,2104468229,900033,60000000029835,725.00000,233690.00000,108.50000,123.00000
60,2063560517,70,240476,2021.00000,570044.48000,2.51600,17.01600
110,2104468229,900034,60000000029839,677.00000,218444.00000,101.30000,115.80000
20,2095851280,900021,60000000019747,2885.00000,1802120.00000,605.30000,619.80000
30,2095851280,900022,60000000019788,2405.00000,593000.00000,1008.50000,1023.00000
110,2104468229,900035,60000000029839,533.00000,172706.00000,79.70000,94.20000
20,2104468235,900021,60000000029837,101.00000,35492.00000,14.90000,29.40000
20,2104468235,900022,60000000029837,869.00000,279428.00000,130.10000,144.60000
50,2104468235,900023,60000000029834,1157.00000,220487.36000,45.42800,59.92800
50,2104468235,900024,60000000029834,2597.00000,489846.56000,101.58800,116.08800
60,2104468235,900025,60000000029232,557.00000,170600.00000,83.30000,97.80000
60,2104468235,900026,60000000029232,413.00000,127400.00000,61.70000,76.20000
70,2104468235,900027,60000000029231,1097.00000,319496.00000,50.73200,65.23200
70,2104468235,900028,60000000029231,1217.00000,354056.00000,56.25200,70.75200
90,2104468235,900029,60000000045196,2723.00000,2723000.00000,2446.70000,2461.20000
90,2104468235,900030,60000000045196,1439.00000,1439000.00000,1291.10000,1305.60000
90,2104468235,900031,60000000045196,713.00000,713000.00000,637.70000,652.20000
90,2104468235,900032,60000000045196,2645.00000,2645000.00000,2376.50000,2391.00000
110,2104468235,900033,60000000045193,65.00000,24057.50000,0.56000,33.00000
110,2104468235,900034,60000000045193,305.00000,100287.50000,0.80000,105.00000
90,2104468243,900021,237070,725.00000,62600.00000,6.98000,23.64000
90,2104468243,900022,237070,5045.00000,408200.00000,45.86000,75.48000
90,2104468243,900023,237070,20741.00000,1663880.00000,187.12400,263.83200
120,2104468243,900024,237063,3461.00000,253832.00000,31.60400,56.47200
120,2104468243,900025,237063,14981.00000,1083272.00000,135.28400,194.71200
180,2104468243,900026,231207,193.00000,70142.00000,13.66000,33.61200
180,2104468243,900027,231207,117.00000,43808.00000,8.34000,26.08800
190,2104468243,900028,234611,1085.00000,515300.00000,56.66000,115.44000
190,2104468243,900029,234611,221.00000,107060.00000,11.73200,35.08800
70,2063560517,80,240957,1985.00000,559954.40000,2.48000,16.98000
20,2063560518,30,240742,815.00000,111920.00000,235.40000,249.90000
30,2063560518,40,241763,575.00000,79996.04000,108.80000,123.30000
40,2063560518,50,60000000105606,1457.00000,187952.00000,87.62000,102.12000
20,2063560519,30,60000000045622,197.00000,66440.00000,15.86000,30.36000
30,2063560519,40,60000000029251,77.00000,77000.00000,5.18000,19.68000
40,2063560519,50,60000000021068,341.00000,265064.00000,185.30000,199.80000
50,2063560519,60,230842,485.00000,5000.48000,0.98000,15.48000
60,2063560519,70,60000000041709,5.00000,5000.00000,0.50000,15.00000
90,2063560519,80,60000000021310,101.00000,22664.00000,4.14800,18.64800
100,2063560519,90,60000000041710,509.00000,259016.00000,140.10800,154.60800
110,2063560519,100,241695,5.00000,5000.00000,0.50000,15.00000
60,2063560519,900021,60000000041709,533.00000,271112.00000,146.75600,161.25600
60,2063560519,900022,60000000041709,341.00000,174344.00000,93.57200,108.07200
20,2063560520,30,60000000045622,53.00000,20360.00000,4.34000,18.84000
20,2063560521,30,241763,1395.00000,187885.08000,264.60000,279.10000
30,2063560521,40,237070,1397.00000,116360.00000,18.59600,33.09600
20,2063560522,30,240957,53.00000,18453.44000,0.54800,15.04800
110,2063560522,120,60000000024234,29.00000,11210.00000,1.41200,15.91200
120,2063560522,130,60000000024236,29.00000,10596.80000,1.41200,15.91200
130,2063560522,140,60000000045239,173.00000,113864.00000,20.66000,35.16000
140,2063560522,150,60000000041708,257.00000,132008.00000,70.30400,84.80400
150,2063560522,160,60000000041709,221.00000,113864.00000,60.33200,74.83200
160,2063560522,170,241695,5.00000,5000.00000,0.50000,15.00000
170,2063560522,180,241701,29.00000,23144.00000,14.18000,28.68000
190,2063560522,190,60000000044001,5.00000,5000.00000,0.50000,15.00000
210,2104468243,900030,224381,23.00000,14900.00000,1.92200,17.10600
210,2104468243,900031,224381,227.00000,127100.00000,18.03800,40.97400
220,2104468243,900032,209364,2021.00000,736808.00000,121.46000,186.36000
220,2104468243,900033,209364,5189.00000,1886792.00000,311.54000,455.64000
40,2104468250,900021,241763,2565.00000,341824.32000,23.54000,63.64000
40,2104468250,900022,241763,5125.00000,678648.64000,46.58000,112.28000
60,2104468250,900023,60000000029972,2885.00000,912200.00000,320.18000,334.68000
60,2104468250,900024,60000000029972,5765.00000,1819400.00000,639.86000,654.36000
240,2104468262,900021,233710,4945.00000,938660.00000,128.94000,143.44000
240,2104468262,900022,233710,465.00000,91940.00000,12.46000,26.96000
280,2104468262,900023,60000000044648,71.00000,112844.00000,77.06000,91.56000
280,2104468262,900024,60000000044648,299.00000,485396.00000,341.54000,356.04000
30,2104468273,900021,228792,1265.00000,892040.00000,378.50000,393.00000
30,2104468273,900022,228792,485.00000,342920.00000,144.50000,159.00000
30,2104468273,900023,228792,1265.00000,892040.00000,378.50000,393.00000
60,2104468273,900024,60000000044649,245.00000,43880.00000,24.50000,39.00000
60,2104468273,900025,60000000044649,2465.00000,403520.00000,246.50000,261.00000
100,2104468273,900026,60000000108728,635.00000,5362.88000,1.13000,141.00000
100,2104468273,900027,60000000108728,575.00000,5328.32000,1.07000,129.00000
130,2104468273,900028,60000000044650,181.00000,181000.00000,88.50000,108.45600
130,2104468273,900029,60000000044650,725.00000,725000.00000,360.50000,397.32000
70,2104468281,900021,209401,43.00000,64565.00000,14.21800,32.10000
70,2104468281,900022,209401,207.00000,321635.00000,73.42200,105.90000
50,2104468292,900021,60000000029834,29.00000,9489.32000,1.43600,15.93600
50,2104468292,900022,60000000029834,161.00000,34180.58000,6.58400,21.08400
80,2104468292,900023,60000000045196,35.00000,35000.00000,27.50000,42.00000
80,2104468292,900024,60000000045196,83.00000,83000.00000,70.70000,85.20000
80,2104468292,900025,60000000045196,95.00000,95000.00000,81.50000,96.00000
160,2104468292,900026,234611,53.00000,27680.00000,2.99600,19.46400
160,2104468292,900027,234611,161.00000,78710.00000,8.61200,29.50800
40,2104468310,900021,237056,965.00000,81800.00000,9.14000,26.52000
40,2104468310,900022,237056,1349.00000,112520.00000,12.59600,31.12800
180,2104468313,900021,60000000105607,215.00000,108708.50000,28.22000,50.91000
180,2104468313,900022,60000000105607,515.00000,256863.50000,67.82000,102.21000
250,2104468313,900023,60000000106202,17.00000,9080.00000,0.68000,15.18000
250,2104468313,900024,60000000106202,41.00000,17240.00000,1.04000,15.54000
80,2104468323,900021,60000000021068,89.00000,70016.00000,46.70000,61.20000
80,2104468323,900022,60000000021068,41.00000,32864.00000,20.30000,34.80000
20,2104468332,900021,234611,2879.00000,1362965.00000,149.94800,282.28200
20,2104468332,900022,234611,11.00000,7835.00000,0.81200,15.55800
50,2104469102,900021,60000000114858,53.00000,5221.76000,13.94000,29.88000
50,2104469102,900022,60000000114858,53.00000,5221.76000,13.94000,29.88000
50,2104469102,900023,60000000114858,1157.00000,10322.24000,323.06000,372.12000
50,2104469775,900021,60000000113766,173.00000,198536.00000,74.42000,99.00000
50,2104469775,900022,60000000113766,629.00000,723848.00000,275.06000,327.00000
20,2104481902,30,60000000114858,365.00000,6663.20000,101.30000,126.60000
20,2104481903,30,60000000114858,1229.00000,10654.88000,343.22000,394.44000
20,2104484104,30,60000000109463,29.00000,11840.00000,2400.50000,2823.00000
30,2104484104,40,60000000109460,29.00000,11840.00000,2400.50000,2823.00000
40,2104484104,50,60000000113107,29.00000,5684.19200,0.52400,18.04800
50,2104484104,60,60000000106706,29.00000,12405.20000,3.35600,17.85600
60,2104484104,70,230842,29.00000,16829.60000,2.87600,18.16800
70,2104484104,80,124685,29.00000,5000.00000,1840.10000,1854.60000
80,2104484104,90,60000000114540,29.00000,5000.00000,0.52400,17.04000
90,2104484104,100,60000000111771,29.00000,5002.30400,0.52400,16.17600
100,2104484104,110,60000000111771,29.00000,5002.30400,0.52400,16.17600
30,2104484619,30,60000000113767,149.00000,5093.88800,29.30000,45.24000
50,2104484619,40,60000000114858,29.00000,5110.88000,7.22000,22.44000
100,2104484619,50,60000000113766,581.00000,668552.00000,253.94000,303.00000
30,2104484622,30,60000000021057,29.00000,23576.00000,13.70000,28.20000
510,2104484622,120,60000000105446,53.00000,35576.00000,3.86000,18.36000
520,2104484622,130,60000000115473,245.00000,37400.00000,11.30000,33.00000
680,2104484622,140,209401,7.00000,8135.00000,1.22200,15.90000
720,2104484622,150,60000000112312,41.00000,6360.80000,1.14800,16.44000
730,2104484622,160,60000000112456,11.00000,5226.80000,0.93200,15.84600
40,2104484622,40,60000000021068,29.00000,23576.00000,13.70000,28.20000
50,2104484622,50,60000000029798,53.00000,26000.00000,14.61200,29.11200
290,2104484622,60,237070,101.00000,12680.00000,1.36400,16.15200
460,2104484622,70,60000000029232,77.00000,26600.00000,11.30000,25.80000
470,2104484622,80,551984,17.00000,5000.01200,1.00400,22.20000
480,2104484622,90,60000000029231,209.00000,63752.00000,9.88400,24.38400
490,2104484622,100,60000000029834,245.00000,49893.20000,9.86000,24.36000
500,2104484622,110,60000000115445,257.00000,39020.00000,11.84000,33.90000
51,2104484625,30,60000000115470,221.00000,10616.00000,2.44400,15.64800
150,2104484625,120,231207,105.00000,39650.00000,7.50000,24.90000
160,2104484625,130,230866,725.00000,185000.00000,127.94000,142.44000
170,2104484625,140,209364,149.00000,57272.00000,9.14000,27.24000
180,2104484625,150,209401,725.00000,1133600.00000,260.42000,339.00000
190,2104484625,160,241770,805.00000,330000.00000,28.50000,63.80000
200,2104484625,170,60000000106706,29.00000,12405.20000,3.35600,17.85600
210,2104484625,180,60000000024191,65.00000,24800.00000,3.14000,18.72000
220,2104484625,190,60000000106202,77.00000,29480.00000,1.58000,16.08000
230,2104484625,200,60000000108656,65.00000,5000.00000,0.56000,17.94000
240,2104484625,210,60000000108641,65.00000,5000.00000,0.56000,17.94000
60,2104484625,40,60000000021057,65.00000,51440.00000,33.50000,48.00000
250,2104484625,220,223575,205.00000,26600.00000,3.10000,17.60000
70,2104484625,50,60000000029836,65.00000,14600.00000,2.84000,17.34000
80,2104484625,60,60000000029834,41.00000,11733.98000,1.90400,16.40400
90,2104484625,70,60000000029231,65.00000,22280.00000,3.26000,17.76000
100,2104484625,80,237070,5.00000,5000.00000,0.50000,15.00000
110,2104484625,90,237063,1157.00000,87944.00000,10.86800,28.82400
120,2104484625,100,232815,485.00000,108680.00000,48.50000,115.32000
140,2104484625,110,237056,3461.00000,281480.00000,31.60400,56.47200
100,2104484625,900021,237070,2549.00000,208520.00000,23.39600,45.52800
100,2104484625,900022,237070,917.00000,77960.00000,8.70800,25.94400
40,2104484627,30,60000000114858,1733.00000,12983.36000,484.34000,550.68000
30,2104484629,30,237070,5.00000,5000.00000,0.50000,15.00000
40,2104484629,40,237063,11525.00000,834440.00000,104.18000,153.24000
50,2104484629,50,237056,11525.00000,926600.00000,104.18000,153.24000
30,2104484629,900021,237070,2309.00000,189320.00000,21.23600,42.64800
30,2104484629,900022,237070,20741.00000,1663880.00000,187.12400,263.83200
30,2104484631,30,60000000113766,3605.00000,4152200.00000,1584.50000,1815.00000
140,2104484631,120,224381,125.00000,71000.00000,9.98000,29.04000
150,2104484631,130,241770,805.00000,330000.00000,28.50000,63.80000
160,2104484631,140,124266,365.00000,5000.00000,12420.50000,12435.00000
170,2104484631,150,60000000110560,113.00000,59432.00000,30.41600,44.91600
40,2104484631,40,60000000114858,5.00000,5000.00000,0.50000,15.00000
71,2104484631,50,60000000115473,293.00000,43880.00000,13.46000,36.60000
81,2104484631,60,60000000115445,293.00000,43880.00000,13.46000,36.60000
90,2104484631,70,60000000021068,365.00000,283640.00000,198.50000,213.00000
100,2104484631,80,60000000029835,125.00000,43115.00000,18.50000,33.00000
110,2104484631,90,60000000029834,725.00000,139679.60000,28.58000,43.08000
120,2104484631,100,230859,725.00000,185000.00000,127.22000,141.72000
130,2104484631,110,240643,725.00000,126212.00000,4.82000,29.40000
40,2104484631,900021,60000000114858,101.00000,5443.52000,27.38000,44.76000
40,2104484631,900022,60000000114858,29.00000,5110.88000,7.22000,22.44000
20,2104484632,30,241763,5.00000,5000.00000,0.50000,15.00000
30,2104484632,40,237070,2261.00000,185480.00000,20.80400,42.07200
20,2104484632,900021,241763,385.00000,54997.36000,3.92000,22.22000
20,2104484632,900022,241763,2275.00000,303668.44000,20.93000,58.13000
20,2104484633,30,60000000045622,173.00000,58760.00000,13.94000,28.44000
20,2104484634,30,240957,653.00000,189680.00000,64800.50000,75831.00000
110,2104484634,120,60000000108641,65.00000,5000.00000,0.56000,17.94000
120,2104484634,130,60000000108656,65.00000,5000.00000,0.56000,17.94000
130,2104484634,140,60000000108654,77.00000,6793.08800,0.57200,17.52000
140,2104484634,150,60000000108653,53.00000,6195.39200,0.54800,16.68000
150,2104484634,160,60000000109281,485.00000,101232.80000,29.30000,52.44000
160,2104484634,170,60000000109279,437.00000,52560.17600,9.14000,28.82400
170,2104484634,180,60000000109460,269.00000,80240.00000,26400.50000,30903.00000
180,2104484634,190,60000000109463,293.00000,87080.00000,28800.50000,33711.00000
190,2104484634,200,60000000041708,293.00000,150152.00000,80.27600,94.77600
200,2104484634,210,60000000041709,293.00000,150152.00000,80.27600,87.00000
30,2104484634,40,60000000109611,257.00000,59432.00000,0.75200,47.00400
210,2104484634,220,241107,497.00000,247506.80000,49.20800,79.94400
220,2104484634,230,60000000114540,53.00000,5000.00000,0.54800,19.08000
230,2104484634,240,60000000114504,53.00000,5000.00000,0.54800,19.08000
240,2104484634,250,60000000111713,41.00000,6209.60000,0.53600,18.06000
250,2104484634,260,60000000111692,77.00000,7419.20000,0.57200,21.12000
260,2104484634,270,60000000106027,917.00000,315080.00000,109.94000,124.44000
270,2104484634,280,60000000021282,401.00000,119048.00000,50.79200,65.29200
280,2104484634,290,60000000021179,437.00000,129416.00000,55.36400,69.86400
290,2104484634,300,124685,821.00000,5000.00000,62546.90000,62561.40000
300,2104484634,310,230842,317.00000,158784.80000,31.38800,56.18400
40,2104484634,50,60000000110560,221.00000,113864.00000,60.33200,74.83200
310,2104484634,320,60000000021155,185.00000,56840.00000,23.54000,38.04000
320,2104484634,330,240476,281.00000,83660.00000,27600.50000,32307.00000
50,2104484634,60,60000000024191,365.00000,123800.00000,16.34000,37.32000
60,2104484634,70,60000000106202,581.00000,200840.00000,9.14000,23.64000
70,2104484634,80,124266,725.00000,5000.00000,24840.50000,24855.00000
80,2104484634,90,60000000113107,149.00000,9105.15200,0.64400,33.28800
90,2104484634,100,60000000106706,209.00000,67944.20000,24.77600,39.27600
100,2104484634,110,60000000105790,581.00000,200840.00000,69.62000,84.12000
20,2104484635,30,60000000029232,53.00000,19400.00000,7.70000,22.20000
110,2104484635,120,230866,389.00000,101000.00000,68.46800,82.96800
120,2104484635,130,230859,281.00000,74000.00000,49.07600,63.57600
130,2104484635,140,411312,245.00000,28336.64000,13.70000,28.20000
140,2104484635,150,223575,485.00000,56840.00000,6.74000,21.24000
150,2104484635,160,60000000029251,113.00000,113000.00000,7.52000,22.02000
160,2104484635,170,60000000029798,461.00000,204500.00000,134.56400,149.06400
170,2104484635,180,60000000029797,149.00000,68000.00000,42.83600,57.33600
200,2063560522,200,241107,65.00000,5000.06000,0.56000,15.06000
180,2104484635,190,237063,1397.00000,105224.00000,13.02800,31.70400
210,2063560522,210,60000000021162,77.00000,20552.00000,9.64400,24.14400
30,2063560522,40,60000000021205,77.00000,20552.00000,9.64400,24.14400
190,2104484635,200,237056,293.00000,28040.00000,3.09200,18.45600
220,2063560522,220,60000000021282,77.00000,25736.00000,9.64400,24.14400
200,2104484635,210,60000000029836,5.00000,5000.00000,0.50000,15.00000
230,2063560522,230,60000000021179,77.00000,25736.00000,9.64400,24.14400
30,2104484635,40,232815,65.00000,17960.00000,6.50000,27.54000
240,2063560522,240,124685,245.00000,5000.00000,18396.50000,18411.00000
210,2104484635,220,60000000029834,533.00000,103765.04000,21.09200,35.59200
250,2063560522,250,230842,107.00000,5000.10200,0.60200,15.10200
220,2104484635,230,60000000112312,557.00000,25865.60000,10.43600,37.08000
260,2063560522,260,128017A,137.00000,5000.00000,10648.54400,10663.04400
230,2104484635,240,60000000024199,77.00000,5000.07200,0.57200,25.00800
270,2063560522,270,60000000021155,77.00000,25736.00000,9.71600,24.21600
240,2104484635,250,60000000045196,47.00000,47000.00000,38.30000,52.80000
280,2063560522,280,60000000021187,77.00000,20552.00000,9.64400,24.14400
260,2104484635,260,241251,725.00000,62600.00000,6.98000,23.64000
290,2063560522,290,240476,101.00000,31906.88000,0.59600,15.09600
270,2104484635,270,60000000029972,293.00000,95720.00000,32.46800,46.96800
40,2063560522,50,60000000041710,149.00000,77576.00000,40.38800,54.88800
280,2104484635,280,60000000105443,605.00000,285800.00000,30.50000,45.00000
50,2063560522,60,60000000024191,77.00000,28760.00000,5.25200,19.75200
40,2095851280,900023,60000000019786,245.00000,281480.00000,120.50000,135.00000
50,2095851280,900024,60000000019736,605.00000,1357400.00000,612.50000,627.00000
60,2095851280,900025,60000000019740,65.00000,274088.36000,110.30000,124.80000
70,2095851280,900026,60000000019779,125.00000,275000.00000,41.30000,55.80000
80,2095851280,900027,60000000019825,773.00000,93780.80000,48.11600,62.61600
90,2095851280,900028,60000000041920,965.00000,1541000.00000,326.90000,341.40000
100,2095851280,900029,60000000041922,1925.00000,4090760.00000,2362.10000,2376.60000
110,2095851280,900030,60000000105443,197.00000,94856.00000,10.10000,24.60000
120,2095851280,900031,60000000105446,101.00000,66152.00000,7.22000,21.72000
130,2095851280,900032,60000000105444,437.00000,108032.00000,24.26000,38.76000
140,2095851280,900033,60000000105447,293.00000,43880.00000,15.18800,29.68800
150,2095851280,900034,60000000021068,245.00000,190760.00000,132.50000,147.00000
160,2095851280,900035,60000000029798,365.00000,162500.00000,106.34000,120.84000
170,2095851280,900036,60000000021057,125.00000,97880.00000,66.50000,81.00000
180,2095851280,900037,60000000045201,185.00000,185000.00000,162.50000,177.00000
190,2095851280,900038,60000000045196,185.00000,185000.00000,162.50000,177.00000
200,2095851280,900039,60000000029835,245.00000,81230.00000,36.50000,51.00000
210,2095851280,900040,60000000029839,101.00000,35492.00000,14.90000,29.40000
220,2095851280,900041,60000000029837,245.00000,81230.00000,36.50000,51.00000
230,2095851280,900042,60000000029836,293.00000,51080.00000,11.73200,26.23200
240,2095851280,900043,60000000029838,149.00000,24278.00000,6.11600,20.61600
250,2095851280,900044,60000000029834,293.00000,58871.84000,11.73200,26.23200
260,2095851280,900045,60000000029232,125.00000,41000.00000,18.50000,33.00000
270,2095851280,900046,60000000029231,185.00000,56840.00000,8.78000,23.28000
290,2095851280,900047,60000000045193,125.00000,43115.00000,0.62000,51.00000
300,2095851280,900048,60000000013525,293.00000,5000.00000,0.78800,15.28800
310,2095851280,900049,60000000013522,293.00000,5000.00000,0.78800,15.28800
320,2095851280,900050,60000000013545,149.00000,5000.00000,0.64400,15.14400
330,2095851280,900051,60000000013538,293.00000,5000.00000,0.78800,15.28800
340,2095851280,900052,234277,65.00000,5884.52000,1.70000,16.20000
350,2095851280,900053,236318,35.00000,9800.00000,1.04000,15.54000
360,2095851280,900054,60000000045622,125.00000,43400.00000,10.10000,24.60000
370,2095851280,900055,236486,65.00000,19580.00000,13.88000,28.38000
380,2095851280,900056,237070,485.00000,43400.00000,6.74000,21.24000
390,2095851280,900057,232846,53.00000,15368.00000,11.20400,25.70400
400,2095851280,900058,241251,245.00000,24200.00000,3.62000,18.12000
20,2109226357,900021,234291,11.00000,5088.45200,0.51800,15.10200
410,2095851280,900059,231191,125.00000,16880.00000,3.74000,18.24000
420,2095851280,900060,230859,245.00000,65000.00000,42.74000,57.24000
430,2095851280,900061,230866,125.00000,35000.00000,21.74000,36.24000
440,2095851280,900062,240643,245.00000,45404.00000,67.70000,82.20000
450,2095851280,900063,209364,293.00000,109544.00000,26.13200,40.63200
460,2095851280,900064,209401,125.00000,193100.00000,58.10000,72.60000
470,2095851280,900065,241558,125.00000,13400.00000,3.62000,18.12000
480,2095851280,900066,60000000105606,245.00000,35240.00000,14.90000,29.40000
490,2095851280,900067,60000000105607,293.00000,147228.80000,37.94000,52.44000
500,2095851280,900068,241770,125.00000,53750.00000,8.78000,23.28000
510,2095851280,900069,60000000029971,485.00000,125960.00000,24.02000,38.52000
520,2095851280,900070,60000000029972,185.00000,61700.00000,20.48000,34.98000
530,2095851280,900071,60000000029973,77.00000,27680.00000,4.02800,18.52800
540,2095851280,900072,60000000112312,245.00000,14072.00000,2.42000,17.64000
580,2095851280,900073,241107,65.00000,34574.00000,0.56000,22.92000
590,2095851280,900074,124685,293.00000,5000.00000,22075.70000,22090.20000
600,2095851280,900075,124266,365.00000,5000.00000,12420.50000,12435.00000
610,2095851280,900076,60000000109279,125.00000,18211.16000,2.90000,18.84000
620,2095851280,900077,60000000109281,245.00000,53116.40000,14.90000,33.72000
680,2095851280,900078,60000000021282,149.00000,46472.00000,18.78800,33.28800
690,2095851280,900079,60000000021155,77.00000,25736.00000,9.71600,24.21600
700,2095851280,900080,60000000021179,149.00000,46472.00000,18.78800,33.28800
710,2095851280,900081,60000000106027,605.00000,209000.00000,72.50000,87.00000
720,2095851280,900082,240476,365.00000,107600.00000,36000.50000,42135.00000
730,2095851280,900083,240957,365.00000,107600.00000,36000.50000,42135.00000
740,2095851280,900084,60000000041709,185.00000,95720.00000,50.36000,64.86000
750,2095851280,900085,60000000105790,185.00000,66200.00000,22.10000,36.60000
760,2095851280,900086,60000000106202,365.00000,127400.00000,5.90000,20.40000
770,2095851280,900087,60000000109460,605.00000,176000.00000,60000.50000,70215.00000
780,2095851280,900088,60000000113440,185.00000,11048.00000,2.30000,30.84000
790,2095851280,900089,60000000109611,77.00000,20552.00000,0.57200,24.14400
800,2095851280,900090,60000000110560,365.00000,186440.00000,100.22000,114.72000
810,2095851280,900091,60000000109463,365.00000,107600.00000,36000.50000,42135.00000
820,2095851280,900092,60000000113429,365.00000,103683.20000,0.86000,18.60000
830,2095851280,900093,60000000114278,221.00000,66236.00000,0.71600,43.72800
840,2095851280,900094,60000000114279,365.00000,102200.00000,0.86000,60.72000
850,2095851280,900095,60000000108654,185.00000,9482.72000,0.68000,21.30000
860,2095851280,900096,60000000108656,125.00000,5000.00000,0.62000,20.88000
870,2095851280,900097,60000000111713,125.00000,9032.00000,0.62000,25.20000
880,2095851280,900098,60000000111692,185.00000,11048.00000,0.68000,30.30000
890,2095851280,900099,60000000108641,77.00000,5000.00000,0.57200,18.52800
900,2095851280,900100,60000000114540,149.00000,5000.00000,0.64400,27.24000
910,2095851280,900101,60000000114504,245.00000,5000.00000,0.74000,35.40000
920,2095851280,900102,60000000114402,53.00000,5000.00000,0.54800,15.96000
930,2095851280,900103,223575,105.00000,15800.00000,1.80000,16.30000
940,2095851280,900104,411312,205.00000,24447.20000,11.50000,26.00000
40,2095851302,900021,60000000019786,29.00000,32648.00000,12.50000,27.00000
40,2095851302,900022,60000000019786,221.00000,253832.00000,108.50000,123.00000
200,2095851302,900023,60000000045201,107.00000,107000.00000,92.30000,106.80000
200,2095851302,900024,60000000045201,83.00000,83000.00000,70.70000,85.20000
20,2095944756,900021,60000000019747,3845.00000,2401160.00000,806.90000,821.40000
30,2095944756,900022,60000000019788,2405.00000,593000.00000,1008.50000,1023.00000
40,2095944756,900023,60000000019786,725.00000,834440.00000,360.50000,375.00000
50,2095944756,900024,60000000019740,365.00000,1619530.16000,659.30000,673.80000
60,2095944756,900025,60000000019743,35.00000,74120.00000,68.60000,83.10000
70,2095944756,900026,60000000019779,1445.00000,3245000.00000,490.10000,504.60000
80,2095944756,900027,60000000019775,605.00000,922673.00000,192.50000,207.00000
120,2095944756,900028,60000000105443,245.00000,117320.00000,12.50000,27.00000
130,2095944756,900029,60000000105446,125.00000,81440.00000,8.90000,23.40000
140,2095944756,900030,60000000105447,185.00000,29300.00000,9.68000,24.18000
150,2095944756,900031,60000000021068,17.00000,14288.00000,7.10000,21.60000
150,2095944756,900032,60000000021068,173.00000,135032.00000,92.90000,107.40000
160,2095944756,900033,60000000029798,125.00000,57500.00000,35.78000,50.28000
160,2095944756,900034,60000000029798,125.00000,57500.00000,35.78000,50.28000
170,2095944756,900035,60000000021057,245.00000,190760.00000,132.50000,147.00000
180,2095944756,900036,60000000045201,185.00000,185000.00000,162.50000,177.00000
190,2095944756,900037,60000000045196,185.00000,185000.00000,162.50000,177.00000
200,2095944756,900038,60000000029835,245.00000,81230.00000,36.50000,51.00000
210,2095944756,900039,60000000029837,101.00000,35492.00000,14.90000,29.40000
220,2095944756,900040,60000000029836,293.00000,51080.00000,11.73200,26.23200
230,2095944756,900041,60000000029834,293.00000,58871.84000,11.73200,26.23200
240,2095944756,900042,60000000029231,125.00000,39560.00000,6.02000,20.52000
250,2095944756,900043,60000000013522,149.00000,5000.00000,0.64400,15.14400
260,2095944756,900044,60000000013545,149.00000,5000.00000,0.64400,15.14400
270,2095944756,900045,60000000013538,293.00000,5000.00000,0.78800,15.28800
280,2095944756,900046,234291,65.00000,5884.52000,1.70000,16.20000
290,2095944756,900047,236318,35.00000,9800.00000,1.04000,15.54000
300,2095944756,900048,60000000045622,245.00000,81800.00000,19.70000,34.20000
310,2095944756,900049,237070,725.00000,62600.00000,9.86000,24.36000
320,2095944756,900050,237063,485.00000,39560.00000,6.74000,21.24000
330,2095944756,900051,237056,485.00000,43400.00000,6.74000,21.24000
340,2095944756,900052,231191,125.00000,16880.00000,3.74000,18.24000
350,2095944756,900053,230859,125.00000,35000.00000,21.62000,36.12000
360,2095944756,900054,240643,293.00000,53484.80000,81.14000,95.64000
370,2095944756,900055,209401,29.00000,42620.00000,12.02000,26.52000
380,2095944756,900056,60000000105606,293.00000,41288.00000,17.78000,32.28000
390,2095944756,900057,60000000105607,293.00000,147228.80000,37.94000,52.44000
400,2095944756,900058,241763,245.00000,36577.28000,46.10000,60.60000
410,2095944756,900059,60000000029971,485.00000,125960.00000,24.02000,38.52000
420,2095944756,900060,60000000029972,125.00000,42800.00000,13.82000,28.32000
430,2095944756,900061,60000000029973,125.00000,42800.00000,6.38000,20.88000
440,2095944756,900062,60000000112312,485.00000,23144.00000,4.34000,20.28000
450,2095944756,900063,60000000112456,185.00000,11804.00000,1.94000,16.98000
460,2095944756,900064,60000000106706,245.00000,79052.00000,29.06000,43.56000
490,2095944756,900065,241107,65.00000,34574.00000,0.56000,22.92000
500,2095944756,900066,124685,365.00000,5000.00000,27594.50000,27609.00000
510,2095944756,900067,124266,245.00000,5000.00000,8280.50000,8295.00000
520,2095944756,900068,60000000109279,125.00000,18211.16000,2.90000,18.84000
530,2095944756,900069,60000000109281,245.00000,53116.40000,14.90000,33.72000
550,2095944756,900070,60000000021282,221.00000,67208.00000,27.93200,42.43200
560,2095944756,900071,60000000021155,149.00000,46472.00000,18.93200,33.43200
570,2095944756,900072,60000000021179,437.00000,129416.00000,55.36400,69.86400
580,2095944756,900073,60000000106027,605.00000,209000.00000,72.50000,87.00000
590,2095944756,900074,240476,605.00000,176000.00000,60000.50000,70215.00000
600,2095944756,900075,240957,605.00000,176000.00000,60000.50000,70215.00000
610,2095944756,900076,60000000041708,725.00000,367880.00000,199.94000,214.44000
620,2095944756,900077,60000000041709,725.00000,367880.00000,199.94000,214.44000
630,2095944756,900078,60000000105790,605.00000,209000.00000,72.50000,87.00000
640,2095944756,900079,60000000106202,605.00000,209000.00000,9.50000,24.00000
650,2095944756,900080,60000000109460,485.00000,141800.00000,48000.50000,56175.00000
660,2095944756,900081,60000000111771,125.00000,5011.52000,0.62000,20.88000
670,2095944756,900082,60000000113440,149.00000,9838.40000,1.94000,27.67200
680,2095944756,900083,60000000109611,293.00000,67208.00000,0.78800,51.57600
690,2095944756,900084,60000000110560,545.00000,277160.00000,150.08000,164.58000
700,2095944756,900085,60000000109463,365.00000,107600.00000,36000.50000,42135.00000
710,2095944756,900086,60000000113107,485.00000,18683.84000,0.98000,75.96000
720,2095944756,900087,60000000108654,149.00000,8586.17600,0.64400,20.04000
730,2095944756,900088,60000000108656,65.00000,5000.00000,0.56000,17.94000
740,2095944756,900089,60000000111713,185.00000,11048.00000,0.68000,30.30000
750,2095944756,900090,60000000111692,125.00000,9032.00000,0.62000,25.20000
760,2095944756,900091,60000000108641,125.00000,5000.00000,0.62000,20.88000
770,2095944756,900092,60000000114540,149.00000,5000.00000,0.64400,27.24000
780,2095944756,900093,60000000114504,125.00000,5000.00000,0.62000,25.20000
790,2095944756,900094,60000000108653,125.00000,7988.48000,0.62000,19.20000
800,2095944756,900095,60000000114402,29.00000,5000.00000,0.52400,15.48000
810,2095944756,900096,223575,205.00000,26600.00000,3.10000,17.60000
20,2096028166,900021,60000000019788,1565.00000,387200.00000,655.70000,670.20000
20,2096028166,900022,60000000019788,845.00000,210800.00000,353.30000,367.80000
270,2096028166,900023,60000000029971,581.00000,150152.00000,28.72400,43.22400
290,2104484635,290,240643,1301.00000,223181.60000,8.27600,40.92000
300,2104484635,300,60000000115473,149.00000,24440.00000,6.98000,25.80000
310,2104484635,310,60000000115445,149.00000,24440.00000,6.98000,25.80000
40,2104484635,50,236318,113.00000,22280.00000,0.71600,16.72800
320,2104484635,320,60000000105446,509.00000,326048.00000,35.78000,50.28000
330,2104484635,330,60000000118333,53.00000,30920.00000,0.54800,18.98400
340,2104484635,340,60000000118205,53.00000,30920.00000,0.54800,18.98400
350,2104484635,350,60000000029837,197.00000,65984.00000,29.30000,43.80000
360,2104484635,360,236486,161.00000,42908.00000,16.10000,47.76000
370,2104484635,370,224381,95.00000,54500.00000,7.61000,25.53000
380,2104484635,380,232846,233.00000,54248.00000,23.30000,64.02000
390,2104484635,390,60000000029839,101.00000,35492.00000,14.90000,29.40000
50,2104484635,60,241558,2165.00000,156200.00000,28.58000,69.00000
60,2104484635,70,60000000029971,437.00000,113864.00000,21.66800,36.16800
70,2104484635,80,234291,329.00000,9776.40800,1.47200,20.50800
60,2063560522,70,124266,569.00000,5000.00000,19458.50000,19473.00000
70,2063560522,80,60000000020766,329.00000,104970.20000,39.05600,53.55600
80,2063560522,90,60000000045628,65.00000,5000.00000,0.56000,15.06000
90,2063560522,100,60000000021310,53.00000,13832.00000,2.32400,16.82400
100,2063560522,110,60000000021313,53.00000,13832.00000,2.03600,16.53600
190,2063560522,900021,60000000044001,11.00000,6707.24000,2.30000,16.80000
20,2063560526,30,60000000021057,17.00000,14288.00000,7.10000,21.60000
30,2063560526,40,60000000105446,29.00000,20288.00000,2.18000,16.68000
40,2063560526,50,60000000105447,29.00000,8240.00000,1.72400,16.22400
20,2063560528,30,60000000019747,1925.00000,1203080.00000,403.70000,418.20000
120,2063560528,120,231207,505.00000,178250.00000,53.00000,67.50000
140,2063560528,130,230866,1445.00000,365000.00000,255.38000,269.88000
150,2063560528,140,240735,965.00000,627080.00000,130.10000,144.60000
160,2063560528,150,240643,2885.00000,489848.00000,806.90000,821.40000
170,2063560528,160,209401,653.00000,1020740.00000,311.54000,326.04000
190,2063560528,170,60000000105607,3461.00000,1711745.60000,449.78000,464.28000
200,2063560528,180,241770,805.00000,330000.00000,55.70000,70.20000
210,2063560528,190,232815,245.00000,56840.00000,54.02000,68.52000
220,2063560528,200,237056,3461.00000,281480.00000,45.42800,59.92800
230,2063560528,210,236486,245.00000,63320.00000,54.02000,68.52000
30,2063560528,40,60000000019788,5.00000,5000.00000,0.50000,15.00000
240,2063560528,220,60000000029251,365.00000,365000.00000,23.90000,38.40000
250,2063560528,230,60000000021282,725.00000,212360.00000,91.94000,106.44000
260,2063560528,240,60000000021179,725.00000,212360.00000,91.94000,106.44000
270,2063560528,250,60000000021205,365.00000,82760.00000,46.22000,60.72000
280,2063560528,260,240957,725.00000,206801.60000,1.22000,15.72000
80,2104484635,90,234277,365.00000,10307.12000,1.94000,21.12000
90,2104484635,100,60000000029835,341.00000,111722.00000,50.90000,65.40000
100,2104484635,110,209364,5.00000,5000.00000,0.50000,15.00000
100,2104484635,900021,209364,701.00000,257648.00000,42.26000,74.16000
100,2104484635,900022,209364,29.00000,13712.00000,1.94000,17.04000
200,2104484635,900023,60000000029836,185.00000,33800.00000,7.52000,22.02000
200,2104484635,900024,60000000029836,17.00000,6920.00000,0.96800,15.46800
20,2104484636,30,60000000029797,1445.00000,635000.00000,423.86000,438.36000
110,2104484636,120,234277,185.00000,7653.56000,1.22000,18.06000
120,2104484636,130,237070,5.00000,5000.00000,0.50000,15.00000
140,2104484636,140,230859,437.00000,113000.00000,76.53200,91.03200
150,2104484636,150,230866,437.00000,113000.00000,76.96400,91.46400
160,2104484636,160,209401,1949.00000,3052220.00000,702.28400,889.80000
170,2104484636,170,60000000024191,293.00000,100040.00000,13.17200,32.85600
180,2104484636,180,124266,197.00000,5000.00000,6624.50000,6639.00000
190,2104484636,190,60000000021282,365.00000,108680.00000,46.22000,60.72000
200,2104484636,200,60000000114402,149.00000,25496.81600,0.64400,17.88000
30,2104484636,40,60000000021068,605.00000,469400.00000,330.50000,345.00000
40,2104484636,50,60000000029798,1925.00000,845000.00000,564.98000,579.48000
50,2104484636,60,60000000021057,605.00000,469400.00000,330.50000,345.00000
60,2104484636,70,60000000029835,245.00000,81230.00000,36.50000,51.00000
70,2104484636,80,60000000029839,149.00000,50738.00000,22.10000,36.60000
80,2104484636,90,60000000029837,149.00000,50738.00000,22.10000,36.60000
90,2104484636,100,60000000029836,293.00000,51080.00000,11.73200,26.23200
100,2104484636,110,60000000029834,581.00000,112743.68000,22.96400,37.46400
300,2063560528,270,60000000045622,725.00000,235400.00000,58.10000,72.60000
120,2104484636,900021,237070,2309.00000,189320.00000,21.23600,42.64800
40,2109226357,900022,60000000029251,17.00000,17000.00000,1.28000,15.78000
120,2104484636,900022,237070,20741.00000,1663880.00000,187.12400,263.83200
30,2104484637,30,60000000113766,1925.00000,2216840.00000,845.30000,975.00000
80,2104484637,40,237070,3461.00000,281480.00000,31.60400,56.47200
90,2104484637,50,237063,3461.00000,253832.00000,31.60400,56.47200
100,2104484637,60,237056,3461.00000,281480.00000,31.60400,56.47200
110,2104484637,70,240643,437.00000,77727.20000,3.09200,23.64000
120,2104484637,80,209364,293.00000,109544.00000,17.78000,39.48000
130,2104484637,90,209401,485.00000,757400.00000,173.78000,231.00000
140,2104484637,100,60000000112456,725.00000,32216.00000,52.34000,116.52000
20,2104487671,30,60000000113764,11.00000,18824.00000,12.50000,28.62000
20,2104487794,30,60000000113764,149.00000,336776.00000,288.50000,341.88000
30,2104503994,30,60000000045193,281.00000,92664.50000,0.77600,97.80000
20,2104503996,30,60000000021057,269.00000,209336.00000,145.70000,160.20000
60,2104503996,40,60000000021179,581.00000,170888.00000,73.65200,88.15200
70,2104503996,50,237070,389.00000,35720.00000,3.95600,19.60800
80,2104503996,60,60000000106202,485.00000,168200.00000,7.70000,22.20000
170,2104503996,70,223575,5.00000,5000.00000,0.50000,15.00000
180,2104503996,80,241763,245.00000,36577.28000,2.66000,19.56000
190,2104503996,90,241558,197.00000,18440.00000,2.99600,19.80000
200,2104503996,100,60000000115473,149.00000,24440.00000,6.98000,25.80000
210,2104503996,110,60000000029834,725.00000,139679.60000,28.58000,43.08000
170,2104503996,900021,223575,65.00000,11480.00000,1.28000,15.78000
170,2104503996,900022,223575,65.00000,11480.00000,1.28000,15.78000
20,2104503999,30,60000000113766,3173.00000,3654536.00000,1394.42000,1599.00000
30,2104503999,40,60000000113764,5.00000,5000.00000,0.50000,15.00000
50,2104503999,50,60000000029834,725.00000,139679.60000,28.58000,43.08000
310,2063560528,280,234277,305.00000,9422.60000,6.50000,21.00000
320,2063560528,290,230842,365.00000,5000.36000,0.86000,15.36000
330,2063560528,300,124266,125.00000,5000.00000,4140.50000,4155.00000
40,2063560528,50,60000000019786,2381.00000,2742152.00000,1188.50000,1203.00000
50,2063560528,60,60000000019736,545.00000,1222160.00000,551.30000,565.80000
60,2063560528,70,60000000019740,329.00000,1458077.14400,593.42000,607.92000
70,2063560528,80,60000000019743,887.00000,2037128.00000,2002.64000,2017.14000
80,2063560528,90,60000000019779,845.00000,1895000.00000,286.10000,300.60000
90,2063560528,100,60000000029836,5.00000,5000.00000,0.50000,15.00000
100,2063560528,110,60000000029834,569.00000,110499.02000,22.49600,36.99600
30,2063560528,900021,60000000019788,1325.00000,328400.00000,554.90000,569.40000
30,2063560528,900022,60000000019788,1565.00000,387200.00000,655.70000,670.20000
90,2063560528,900023,60000000029836,425.00000,72200.00000,16.88000,31.38000
90,2063560528,900024,60000000029836,1025.00000,168200.00000,40.28000,54.78000
20,2063560535,30,60000000021290,2933.00000,1059080.00000,463.12400,477.62400
30,2063560535,40,ABDA136A,5.00000,5000.00000,0.50000,15.00000
40,2063560535,50,60000000105790,4469.00000,1522760.00000,536.18000,550.68000
50,2063560535,60,60000000106202,4889.00000,1665560.00000,73.76000,88.26000
30,2063560535,900021,ABDA136A,1157.00000,396680.00000,167.54000,182.04000
30,2063560535,900022,ABDA136A,3281.00000,1118840.00000,475.52000,490.02000
20,2063560536,30,209364,281.00000,105188.00000,25.06400,39.56400
120,2063560536,120,60000000105443,77.00000,38696.00000,4.10000,18.60000
130,2063560536,130,240643,161.00000,31262.60000,44.18000,58.68000
140,2063560536,140,60000000105444,53.00000,16448.00000,3.14000,17.64000
150,2063560536,150,60000000105447,17.00000,6620.00000,1.11200,15.61200
160,2063560536,160,60000000105446,77.00000,50864.00000,5.54000,20.04000
60,2104503999,60,60000000108653,149.00000,8586.17600,0.64400,20.04000
70,2104503999,70,60000000108654,77.00000,6793.08800,0.57200,17.52000
30,2104503999,900021,60000000113764,1181.00000,2714504.00000,2352.50000,2684.52000
30,2104503999,900022,60000000113764,1769.00000,4069256.00000,3528.50000,4019.28000
20,2104504001,30,60000000113766,461.00000,530312.00000,201.14000,243.00000
40,2104504001,40,60000000113765,35.00000,5001.38000,54.50000,69.90000
60,2104504001,50,60000000113764,11.00000,18824.00000,12.50000,28.62000
20,2104504008,30,60000000108656,17.00000,5000.00000,0.51200,15.58800
110,2104504008,120,60000000029797,29.00000,15500.00000,7.55600,22.05600
120,2104504008,130,209364,17.00000,9356.00000,1.22000,16.02000
30,2104504008,40,60000000108641,29.00000,5000.00000,0.52400,16.17600
40,2104504008,50,60000000013545,17.00000,5000.00000,0.51200,15.01200
50,2104504008,60,60000000013522,29.00000,5000.00000,0.52400,15.02400
60,2104504008,70,60000000021282,77.00000,25736.00000,9.64400,24.14400
70,2104504008,80,60000000109611,77.00000,20552.00000,0.57200,24.14400
80,2104504008,90,60000000106027,65.00000,25400.00000,7.70000,22.20000
90,2104504008,100,60000000113107,41.00000,6026.28800,0.53600,19.57200
100,2104504008,110,60000000109463,17.00000,8420.00000,1200.50000,1419.00000
20,2104504013,30,60000000115774,77.00000,60897.63200,0.57200,27.81600
30,2104504013,40,60000000041709,41.00000,23144.00000,10.47200,24.00000
40,2104504013,50,60000000115777,41.00000,31808.04800,0.53600,21.40800
50,2104504013,60,60000000115778,41.00000,31808.04800,0.53600,21.40800
60,2104504013,70,241107,11.00000,7957.40000,1.09400,15.79200
20,2104504015,30,60000000106202,485.00000,168200.00000,7.70000,22.20000
20,2104504023,30,60000000021155,581.00000,170888.00000,74.22800,88.72800
270,2096028166,900024,60000000029971,869.00000,222728.00000,42.83600,57.33600
300,2096296703,900021,60000000029231,53.00000,18824.00000,2.70800,17.20800
300,2096296703,900022,60000000029231,113.00000,36104.00000,5.46800,19.96800
300,2096296703,900023,60000000029231,161.00000,49928.00000,7.67600,22.17600
300,2096296703,900024,60000000029231,269.00000,81032.00000,12.64400,27.14400
380,2096296703,900025,237070,821.00000,70280.00000,11.10800,25.60800
380,2096296703,900026,237070,341.00000,31880.00000,4.86800,19.36800
20,2096296751,900021,60000000019788,2405.00000,593000.00000,1008.50000,1023.00000
30,2096296751,900022,60000000019786,245.00000,281480.00000,120.50000,135.00000
40,2096296751,900023,60000000019740,305.00000,1350441.80000,549.50000,564.00000
50,2096296751,900024,60000000019743,725.00000,1663880.00000,1634.90000,1649.40000
50,2096296751,900025,60000000019743,185.00000,419720.00000,409.10000,423.60000
70,2096296751,900026,60000000041922,545.00000,1154120.00000,664.70000,679.20000
80,2096296751,900027,60000000105443,77.00000,38696.00000,4.10000,18.60000
90,2096296751,900028,60000000105446,77.00000,50864.00000,5.54000,20.04000
100,2096296751,900029,60000000105444,725.00000,176720.00000,40.10000,54.60000
110,2096296751,900030,60000000105447,725.00000,102200.00000,37.22000,51.72000
120,2096296751,900031,60000000105442,797.00000,6980.79200,28.22000,42.72000
110,2104504023,120,60000000109460,581.00000,169160.00000,57600.50000,67407.00000
120,2104504023,130,60000000113107,605.00000,22104.80000,1.10000,91.20000
30,2104504023,40,60000000021179,581.00000,170888.00000,73.65200,88.15200
40,2104504023,50,60000000021282,581.00000,170888.00000,73.65200,88.15200
50,2104504023,60,60000000041709,1085.00000,549320.00000,299.66000,285.00000
60,2104504023,70,60000000041708,1085.00000,549320.00000,299.66000,314.16000
70,2104504023,80,60000000105790,965.00000,331400.00000,115.70000,130.20000
80,2104504023,90,60000000109611,581.00000,129416.00000,1.07600,88.15200
90,2104504023,100,60000000106027,1445.00000,494600.00000,173.30000,187.80000
100,2104504023,110,60000000110560,1085.00000,549320.00000,299.66000,314.16000
20,2104504028,30,231191,77.00000,12128.00000,1.36400,16.51200
20,2104504033,30,60000000029797,77.00000,36500.00000,21.66800,36.16800
110,2104504033,120,60000000115473,149.00000,24440.00000,6.98000,25.80000
120,2104504033,130,60000000105606,485.00000,65480.00000,12.98000,34.20000
130,2104504033,140,60000000029836,365.00000,62600.00000,14.54000,29.04000
140,2104504033,150,60000000112456,65.00000,7268.00000,4.82000,23.46000
30,2104504033,40,60000000021068,65.00000,51440.00000,33.50000,48.00000
40,2104504033,50,232846,65.00000,17960.00000,6.50000,27.90000
50,2104504033,60,234277,65.00000,5884.52000,0.74000,16.02000
60,2104504033,70,236486,65.00000,19580.00000,6.50000,27.60000
70,2104504033,80,60000000029972,65.00000,23900.00000,7.16000,21.66000
80,2104504033,90,60000000029231,245.00000,74120.00000,11.54000,26.04000
90,2104504033,100,60000000115444,197.00000,147718.01600,35.06000,67.03200
100,2104504033,110,60000000115471,197.00000,147718.01600,35.06000,67.03200
30,2104504038,30,60000000021057,41.00000,32864.00000,20.30000,34.80000
470,2104504038,120,60000000108653,101.00000,7390.78400,0.59600,18.36000
480,2104504038,130,60000000108656,89.00000,5000.00000,0.58400,19.11600
500,2104504038,140,241251,53.00000,8840.00000,0.93200,15.57600
760,2104504038,150,60000000112312,29.00000,5907.20000,0.93200,15.96000
780,2104504038,160,60000000115779,41.00000,32948.81600,0.53600,21.40800
40,2104504038,40,60000000021068,41.00000,32864.00000,20.30000,34.80000
50,2104504038,50,60000000029798,29.00000,15500.00000,7.55600,22.05600
90,2104504038,60,232815,17.00000,7592.00000,1.70000,17.50800
100,2104504038,70,232846,17.00000,7592.00000,1.70000,17.58000
120,2096296751,900032,60000000105442,1373.00000,8421.36800,48.38000,62.88000
130,2096296751,900033,60000000105445,2165.00000,39836.48000,108.50000,123.00000
140,2096296751,900034,60000000029797,605.00000,267500.00000,176.90000,191.40000
150,2096296751,900035,60000000029798,485.00000,215000.00000,141.62000,156.12000
160,2096296751,900036,60000000029835,125.00000,43115.00000,18.50000,33.00000
180,2096296751,900037,60000000029838,293.00000,43556.00000,11.73200,26.23200
200,2096296751,900038,60000000029231,293.00000,87944.00000,13.74800,28.24800
210,2096296751,900039,60000000013525,149.00000,5000.00000,0.64400,15.14400
220,2096296751,900040,60000000013522,149.00000,5000.00000,0.64400,15.14400
230,2096296751,900041,60000000013545,149.00000,5000.00000,0.64400,15.14400
240,2096296751,900042,60000000013538,149.00000,5000.00000,0.64400,15.14400
250,2096296751,900043,234277,65.00000,5884.52000,1.70000,16.20000
260,2096296751,900044,234291,65.00000,5884.52000,1.70000,16.20000
270,2096296751,900045,236318,125.00000,24200.00000,2.66000,17.16000
280,2096296751,900046,60000000029251,149.00000,149000.00000,9.86000,24.36000
290,2096296751,900047,60000000045622,125.00000,43400.00000,10.10000,24.60000
300,2096296751,900048,237070,1157.00000,97160.00000,15.47600,29.97600
310,2096296751,900049,232846,125.00000,30920.00000,27.26000,41.76000
330,2096296751,900050,237063,2309.00000,170888.00000,30.45200,44.95200
340,2096296751,900051,241251,1157.00000,97160.00000,15.47600,29.97600
350,2096296751,900052,232815,65.00000,17960.00000,13.88000,28.38000
350,2096296751,900053,232815,125.00000,30920.00000,27.26000,41.76000
360,2096296751,900054,232822,41.00000,20120.00000,14.90000,29.40000
360,2096296751,900055,232822,329.00000,141080.00000,130.10000,144.60000
370,2096296751,900056,237056,2309.00000,189320.00000,30.45200,44.95200
380,2096296751,900057,231207,205.00000,74300.00000,21.50000,36.00000
330,2104504038,80,237063,53.00000,8456.00000,0.93200,15.57600
390,2096296751,900058,230859,725.00000,185000.00000,127.22000,141.72000
340,2104504038,90,237070,245.00000,24200.00000,2.66000,17.88000
400,2096296751,900059,230866,293.00000,77000.00000,51.47600,65.97600
350,2104504038,100,236486,17.00000,7916.00000,1.70000,17.52000
410,2096296751,900060,240643,1445.00000,247424.00000,403.70000,418.20000
460,2104504038,110,60000000108654,101.00000,7390.78400,0.59600,18.36000
30,2104504042,30,60000000113767,437.00000,5281.66400,86.90000,105.72000
420,2096296751,900061,209401,245.00000,381200.00000,115.70000,130.20000
50,2104504042,40,60000000114858,5.00000,5000.00000,0.50000,15.00000
430,2096296751,900062,224381,125.00000,71000.00000,15.38000,29.88000
70,2104504042,50,60000000113765,137.00000,5006.07200,238.10000,256.56000
440,2096296751,900063,241558,365.00000,30200.00000,9.86000,24.36000
100,2104504042,60,60000000113766,653.00000,751496.00000,285.62000,339.00000
450,2096296751,900064,60000000105607,1067.00000,529468.70000,138.56000,153.06000
20,2104504047,30,60000000113766,725.00000,834440.00000,317.30000,375.00000
140,2104504047,120,60000000021282,221.00000,67208.00000,27.93200,42.43200
460,2096296751,900065,241770,805.00000,330000.00000,55.70000,70.20000
150,2104504047,130,60000000021179,5.00000,5000.00000,0.50000,15.00000
470,2096296751,900066,60000000029971,725.00000,186440.00000,35.78000,50.28000
160,2104504047,140,60000000109460,125.00000,39200.00000,12000.50000,14055.00000
480,2096296751,900067,60000000029972,365.00000,118400.00000,40.46000,54.96000
170,2104504047,150,60000000109463,125.00000,39200.00000,12000.50000,14055.00000
490,2096296751,900068,60000000029973,77.00000,27680.00000,4.02800,18.52800
500,2096296751,900069,60000000112312,293.00000,15886.40000,2.80400,18.16800
180,2104504047,160,60000000105790,245.00000,86600.00000,29.30000,43.80000
510,2096296751,900070,60000000112456,1445.00000,59432.00000,12.02000,30.84000
180,2063560536,170,236486,113.00000,31244.00000,24.58400,39.08400
190,2063560536,180,232846,101.00000,25736.00000,21.90800,36.40800
200,2063560536,190,232815,65.00000,17960.00000,13.88000,28.38000
210,2063560536,200,60000000029232,5.00000,5000.00000,0.50000,15.00000
220,2063560536,210,60000000029839,173.00000,58361.00000,25.70000,40.20000
30,2063560536,40,60000000029835,149.00000,50738.00000,22.10000,36.60000
230,2063560536,220,236318,173.00000,31880.00000,3.52400,18.02400
250,2063560536,230,241558,293.00000,25160.00000,7.98800,22.48800
260,2063560536,240,60000000029971,173.00000,47336.00000,8.73200,23.23200
270,2063560536,250,234291,113.00000,6592.13600,2.66000,17.16000
280,2063560536,260,234277,161.00000,7299.75200,3.62000,18.12000
50,2063560536,50,223575,385.00000,46040.00000,5.44000,19.94000
60,2063560536,60,60000000029251,197.00000,197000.00000,12.98000,27.48000
70,2063560536,70,60000000029798,533.00000,236000.00000,155.73200,170.23200
80,2063560536,80,60000000029797,197.00000,89000.00000,56.94800,71.44800
90,2063560536,90,237056,53.00000,8840.00000,1.12400,15.62400
100,2063560536,100,241251,101.00000,12680.00000,1.74800,16.24800
110,2063560536,110,60000000029972,161.00000,54140.00000,17.81600,32.31600
210,2063560536,900021,60000000029232,53.00000,19400.00000,7.70000,22.20000
210,2063560536,900022,60000000029232,125.00000,41000.00000,18.50000,33.00000
20,2063560861,30,60000000019740,35.00000,139544.18000,55.40000,69.90000
30,2063560861,40,60000000019788,77.00000,22640.00000,30.74000,45.24000
20,2063567765,30,230866,53.00000,17000.00000,8.99600,23.49600
20,2063567782,30,60000000045239,125.00000,82760.00000,14.90000,29.40000
110,2063567782,120,124685,41.00000,5000.00000,2759.90000,2774.40000
120,2063567782,130,230842,53.00000,5000.04800,0.54800,15.04800
130,2063567782,140,241701,17.00000,14072.00000,7.34000,21.84000
140,2063567782,150,243835,101.00000,32315.84000,29.30000,43.80000
150,2063567782,160,240476,41.00000,15090.08000,0.53600,15.03600
160,2063567782,170,240957,101.00000,31906.88000,0.59600,15.09600
180,2063567782,180,60000000021155,293.00000,87944.00000,37.36400,51.86400
190,2063567782,190,60000000021187,77.00000,20552.00000,9.64400,24.14400
200,2063567782,200,60000000045244,17.00000,15296.00000,4.70000,19.20000
210,2063567782,210,60000000041709,41.00000,23144.00000,10.47200,24.97200
30,2063567782,40,60000000021313,65.00000,16040.00000,2.42000,16.92000
