SalesOrderItemNumber,DeliveryNumber,DeliveryItemNumber,Material,DeliveryQuantity,Volume,NetWeight,GrossWeight
290,2062892697,900021,6E+13,281,5000,0.776,15.276
290,2062892697,900022,6E+13,17,5000,0.512,15.012
71,2104370950,900021,6E+13,53,27464,2.9,17.4
71,2104370950,900022,6E+13,29,16232,1.7,16.2
110,2062892698,900021,6E+13,1349,160366.4,83.828,98.328
110,2062892698,900022,6E+13,2021,238049.6,125.492,139.992
120,2062892698,900023,6E+13,149,68000,42.836,57.336
120,2062892698,900024,6E+13,341,152000,99.284,113.784
130,2062892698,900025,6E+13,749,580856,409.7,424.2
130,2062892698,900026,6E+13,461,357944,251.3,265.8
340,2062892698,900027,232822,185,80600,72.5,87
340,2062892698,900028,232822,65,30200,24.5,39
60,2062966013,900021,6E+13,1397,3137000,473.78,488.28
60,2062966013,900022,6E+13,1013,2273000,343.22,357.72
30,2063065742,900021,6E+13,965,240200,403.7,418.2
30,2063065742,900022,6E+13,3845,945800,1613.3,1627.8
50,2063065742,900023,6E+13,269,1188988.784,483.62,498.12
50,2063065742,900024,6E+13,221,973718.096,395.78,410.28
80,2063065742,900025,6E+13,245,372069.2,77.3,91.8
80,2063065742,900026,6E+13,125,188534.6,38.9,53.4
240,2063065742,900027,6E+13,1985,9951.98,69.8,84.3
240,2063065742,900028,6E+13,1265,8151.26,44.6,59.1
400,2063065742,900029,241770,385,159375,26.72,41.22
400,2063065742,900030,241770,25,13125,1.88,16.38
550,2063065742,900031,6E+13,161,83624,43.712,58.212
550,2063065742,900032,6E+13,929,470696,256.448,270.948
670,2063065742,900033,241107,23,5000.018,0.518,15.018
670,2063065742,900034,241107,1031,5001.026,1.526,16.026
670,2063065742,900035,241107,161,5000.156,0.656,15.156
40,2063261794,900021,6E+13,269,309128,132.5,147
40,2063261794,900022,6E+13,533,613256,264.5,279
80,2063261794,900023,6E+13,269,408776.12,84.98,99.48
80,2063261794,900024,6E+13,29,41706.92,8.18,22.68
150,2063261794,900025,6E+13,65,51440,33.5,48
150,2063261794,900026,6E+13,65,51440,33.5,48
150,2063261794,900027,6E+13,137,107168,73.1,87.6
150,2063261794,900028,6E+13,221,172184,119.3,133.8
150,2063261794,900029,6E+13,17,14288,7.1,21.6
170,2063261794,900030,6E+13,125,5000,61.1,75.6
170,2063261794,900031,6E+13,245,5000,121.7,136.2
400,2063261794,900032,209401,170,263637.5,79.7,94.2
400,2063261794,900033,209401,80,122562.5,36.5,51
730,2063261794,900034,6E+13,329,5000,0.824,15.324
730,2063261794,900035,6E+13,257,5000,0.752,15.252
30,2063347471,900021,6E+13,2309,271342.4,143.348,157.848
30,2063347471,900022,6E+13,7301,848417.6,452.852,467.352
70,2063347471,900023,240742,5235,695360,1517.2,1531.7
70,2063347471,900024,240742,3095,412880,896.6,911.1
120,2063347471,900025,6E+13,1301,331592,64.004,78.504
120,2063347471,900026,6E+13,7349,1855688,360.356,374.856
20,2063347475,900021,6E+13,1325,1026680,726.5,741
20,2063347475,900022,6E+13,1325,1026680,726.5,741
30,2063347475,900023,6E+13,1925,845000,564.98,579.48
30,2063347475,900024,6E+13,1925,845000,564.98,579.48
40,2063347475,900025,6E+13,749,580856,409.7,424.2
40,2063347475,900026,6E+13,1325,1026680,726.5,741
40,2063347475,900027,6E+13,353,274352,191.9,206.4
40,2063347475,900028,6E+13,161,125744,86.3,100.8
40,2063347475,900029,6E+13,77,60728,40.1,54.6
50,2063347475,900030,6E+13,221,73607,32.9,47.4
50,2063347475,900031,6E+13,1709,546233,256.1,270.6
80,2063347475,900032,232815,125,30920,27.26,41.76
80,2063347475,900033,232815,29,10184,5.852,20.352
240,2063385151,900021,6E+13,305,153155,39.5,54
240,2063385151,900022,6E+13,425,212417,55.1,69.6
60,2063385376,900021,6E+13,101,79304,53.3,67.8
60,2063385376,900022,6E+13,269,209336,145.7,160.2
170,2063389931,900021,6E+13,149,46472,18.788,33.288
170,2063389931,900022,6E+13,365,108680,46.22,60.72
260,2063466394,900021,237070,1301,108680,17.348,31.848
260,2063466394,900022,237070,629,54920,8.612,23.112
260,2063466394,900023,237070,389,35720,5.492,19.992
280,2063466394,900024,6E+13,17,8456,2.036,16.536
280,2063466394,900025,6E+13,209,63752,26.612,41.112
380,2063466394,900026,234277,161,7299.752,3.62,18.12
380,2063466394,900027,234277,89,6238.328,2.18,16.68
30,2063466466,900021,6E+13,245,281480,120.5,135
30,2063466466,900022,6E+13,557,640904,276.5,291
140,2104370974,900021,6E+13,41,41000,32.9,47.4
140,2104370974,900022,6E+13,89,89000,76.1,90.6
20,2104370977,900021,6E+13,3461,7253.312,691.7,740.76
20,2104370977,900022,6E+13,1349,5876.288,269.3,297.24
180,2104370977,900023,6E+13,89,89000,76.1,90.6
180,2104370977,900024,6E+13,341,341000,302.9,317.4
250,2104370977,900025,6E+13,473,139784,22.028,36.528
250,2104370977,900026,6E+13,401,119048,18.716,33.216
430,2104370977,900027,6E+13,35,19815.5,4.46,20.13
430,2104370977,900028,6E+13,695,345756.5,91.58,132.99
101,2104390098,900021,6E+13,113,7808,1.472,15.324
101,2104390098,900022,6E+13,977,30272,9.248,17.916
160,2104390098,900023,6E+13,149,46472,7.124,21.624
160,2104390098,900024,6E+13,437,129416,20.372,34.872
410,2104390098,900025,6E+13,77,29480,9.14,23.64
410,2104390098,900026,6E+13,77,29480,9.14,23.64
180,2104390109,900021,209401,43,64565,14.218,32.1
180,2104390109,900022,209401,207,321635,73.422,105.9
230,2104390109,900023,6E+13,461,119912,22.844,37.344
230,2104390109,900024,6E+13,989,252968,48.716,63.216
20,2104390111,900021,6E+13,1925,6251.84,384.5,418.2
20,2104390111,900022,6E+13,5765,8755.52,1152.5,1224.6
130,2104390111,900023,6E+13,437,194000,127.508,142.008
130,2104390111,900024,6E+13,53,26000,14.612,29.112
140,2104390111,900025,6E+13,53,42152,26.9,41.4
20,2063560426,30,ABDA136A,53,21320,7.46,21.96
140,2104390111,900026,6E+13,317,246488,172.1,186.6
30,2063560426,40,6E+13,149,5360.144,5.54,20.04
160,2104390111,900027,6E+13,437,142214,65.3,79.8
40,2063560426,50,6E+13,77,130493.336,27.86,42.36
160,2104390111,900028,6E+13,53,20246,7.7,22.2
50,2063560426,60,230842,71,5000.066,0.566,15.066
250,2104390111,900029,232846,89,23144,8.9,33.06
250,2104390111,900030,232846,41,12776,4.1,22.74
20,2063560436,30,6E+13,965,604040,202.1,216.6
290,2104390111,900031,232822,65,30200,12.5,38.34
120,2063560436,120,240735,325,212360,43.7,58.2
290,2104390111,900032,232822,305,131000,60.5,131.7
130,2063560436,130,240643,125,25202,34.1,48.6
310,2104390111,900033,231207,105,39650,7.5,24.9
140,2063560436,140,209401,245,381200,115.7,130.2
310,2104390111,900034,231207,405,143600,28.5,54.6
160,2063560436,150,6E+13,245,35240,14.9,29.4
400,2104390111,900035,6E+13,725,360572,95.54,138.12
170,2063560436,160,241763,205,31314.4,38.5,53
400,2104390111,900036,6E+13,2165,1071716,285.62,384.36
180,2063560436,170,241770,105,45625,7.4,21.9
490,2104390111,900037,124685,869,5000,66226.1,66240.6
190,2063560436,180,6E+13,485,125960,24.02,38.52
490,2104390111,900038,124685,101,5000,7358.9,7373.4
200,2063560436,190,237056,485,43400,6.74,21.24
210,2063560436,200,237063,485,39560,6.74,21.24
20,2104409008,900021,6E+13,2405,6564.8,480.5,519
220,2063560436,210,237070,485,43400,6.74,21.24
30,2063560436,40,6E+13,725,181400,302.9,317.4
230,2063560436,220,6E+13,245,5000.24,0.74,15.24
240,2063560436,230,6E+13,245,245000,16.1,30.6
250,2063560436,240,6E+13,125,30920,15.74,30.24
260,2063560436,250,240476,125,38633.6,0.62,15.12
280,2063560436,260,6E+13,125,42026,14.78,29.28
40,2063560436,50,6E+13,65,14600,2.84,17.34
50,2063560436,60,6E+13,65,16223.3,2.84,17.34
60,2063560436,70,6E+13,65,22280,3.26,17.76
70,2063560436,80,6E+13,185,5450.18,6.8,21.3
80,2063560436,90,6E+13,185,7903.04,9.5,24
100,2063560436,100,231207,205,74300,21.5,36
110,2063560436,110,240742,205,31400,58.5,73
20,2063560441,30,6E+13,35,139544.18,55.4,69.9
30,2063560441,40,6E+13,77,22640,30.74,45.24
20,2063560447,30,6E+13,23,85726.508,33.44,47.94
30,2063560447,40,6E+13,53,16760,20.66,35.16
20,2063560452,30,6E+13,23,85726.508,33.44,47.94
30,2063560452,40,6E+13,53,16760,20.66,35.16
20,2063560458,30,6E+13,23,85726.508,33.44,47.94
30,2063560458,40,6E+13,53,16760,20.66,35.16
20,2063560464,30,6E+13,35,139544.18,55.4,69.9
30,2063560464,40,6E+13,77,22640,30.74,45.24
20,2063560475,30,6E+13,35,139544.18,55.4,69.9
30,2063560475,40,6E+13,77,22640,30.74,45.24
30,2104409008,900022,6E+13,2885,8628.8,1152.5,1195.8
80,2104409008,900023,6E+13,1181,10433.12,329.78,379.56
80,2104409008,900024,6E+13,29,5110.88,7.22,22.44
111,2104409008,900025,6E+13,53,27464,2.9,17.4
121,2104409008,900026,6E+13,77,50864,5.54,20.04
131,2104409008,900027,6E+13,185,29300,8.6,28.5
141,2104409008,900028,6E+13,437,16232,4.388,16.296
151,2104409008,900029,6E+13,437,16232,4.388,16.296
160,2104409008,900030,6E+13,437,63320,19.94,47.4
170,2104409008,900031,6E+13,365,162500,106.34,120.84
180,2104409008,900032,6E+13,125,43115,18.5,33
190,2104409008,900033,6E+13,125,43115,18.5,33
200,2104409008,900034,6E+13,437,74120,17.348,31.848
210,2104409008,900035,6E+13,125,41000,18.5,33
220,2104409008,900036,6E+13,581,170888,26.996,41.496
230,2104409008,900037,6E+13,149,5000,0.644,15.144
240,2104409008,900038,6E+13,149,5000,0.644,15.144
250,2104409008,900039,6E+13,149,5000,0.644,15.144
270,2104409008,900040,236486,77,22496,7.7,30.12
290,2104409008,900041,232846,185,43880,18.5,53.7
310,2104409008,900042,237063,1157,87944,10.868,28.824
320,2104409008,900043,241251,581,51080,5.684,21.912
330,2104409008,900044,232815,185,43880,18.5,52.62
340,2104409008,900045,232822,77,35240,14.9,43.008
350,2104409008,900046,237056,1157,97160,10.868,28.824
360,2104409008,900047,231207,505,178250,35.5,64.5
20,2063560479,30,6E+13,23,85726.508,33.44,47.94
30,2063560479,40,6E+13,53,16760,20.66,35.16
20,2063560484,30,6E+13,23,85726.508,33.44,47.94
30,2063560484,40,6E+13,53,16760,20.66,35.16
20,2063560488,30,6E+13,35,139544.18,55.4,69.9
30,2063560488,40,6E+13,77,22640,30.74,45.24
20,2063560492,30,6E+13,35,139544.18,55.4,69.9
30,2063560492,40,6E+13,77,22640,30.74,45.24
20,2063560496,30,6E+13,35,139544.18,55.4,69.9
30,2063560496,40,6E+13,77,22640,30.74,45.24
20,2063560500,30,6E+13,23,85726.508,33.44,47.94
30,2063560500,40,6E+13,53,16760,20.66,35.16
20,2063560501,30,6E+13,23,85726.508,33.44,47.94
30,2063560501,40,6E+13,53,16760,20.66,35.16
20,2063560502,30,6E+13,35,139544.18,55.4,69.9
30,2063560502,40,6E+13,53,16760,20.66,35.16
20,2063560503,30,6E+13,23,85726.508,33.44,47.94
30,2063560503,40,6E+13,53,16760,20.66,35.16
20,2063560504,30,6E+13,23,85726.508,33.44,47.94
30,2063560504,40,6E+13,53,16760,20.66,35.16
20,2063560505,30,6E+13,35,139544.18,55.4,69.9
30,2063560505,40,6E+13,77,22640,30.74,45.24
20,2063560506,30,6E+13,35,139544.18,55.4,69.9
30,2063560506,40,6E+13,77,22640,30.74,45.24
20,2063560507,30,6E+13,23,85726.508,33.44,47.94
370,2104409008,900048,230859,605,155000,106.1,120.6
380,2104409008,900049,240643,305,55505,2.3,21
390,2104409008,900050,209364,1445,527720,86.9,137.4
400,2104409008,900051,224381,65,38000,5.24,22.02
410,2104409008,900052,6E+13,245,35240,6.74,24.6
420,2104409008,900053,6E+13,1445,716144,190.58,261.24
430,2104409008,900054,6E+13,245,65480,12.26,26.76
440,2104409008,900055,6E+13,245,80600,12.26,26.76
450,2104409008,900056,6E+13,365,18608,26.42,65.76
480,2104409008,900057,230842,125,64148,12.38,30.84
490,2104409008,900058,6E+13,725,242600,32.18,59.64
500,2104409008,900059,6E+13,245,53116.4,14.9,33.72
510,2104409008,900060,6E+13,437,129416,55.364,69.864
520,2104409008,900061,6E+13,149,46472,18.932,33.432
530,2104409008,900062,6E+13,149,46472,18.788,33.288
540,2104409008,900063,6E+13,149,53960,17.78,32.28
550,2104409008,900064,240476,149,46040,14400.5,16863
560,2104409008,900065,240957,149,46040,14400.5,16863
570,2104409008,900066,6E+13,113,59432,30.416,44.916
580,2104409008,900067,6E+13,173,89672,47.036,57
580,2104409008,900068,6E+13,17,11048,3.824,18
590,2104409008,900069,6E+13,149,53960,17.78,32.28
600,2104409008,900070,6E+13,149,53960,2.66,17.16
610,2104409008,900071,6E+13,149,46040,14400.5,16863
620,2104409008,900072,6E+13,149,5013.824,0.644,22.056
630,2104409008,900073,6E+13,149,9838.4,1.94,27.672
640,2104409008,900074,6E+13,77,41288,20.444,34.944
650,2104409008,900075,6E+13,77,25520,7200.5,8439
661,2104409008,900076,6E+13,77,5000,0.572,15.72
670,2104409008,900077,6E+13,149,9105.152,0.644,33.288
680,2104409008,900078,6E+13,77,5000,0.572,18.528
690,2104409008,900079,6E+13,221,12257.6,0.716,33.36
700,2104409008,900080,411312,105,14723.6,6,20.5
710,2104409008,900081,233703,155,34400,18.5,33
720,2104409008,900082,233710,305,61700,8.3,22.8
80,2104411872,900021,6E+13,149,5665.28,40.82,59.64
290,2104411872,900022,232822,17,10040,2.9,19.668
290,2104411872,900023,232822,113,50360,22.1,57.012
20,2104427638,900021,6E+13,269,6219.68,74.42,96.84
20,2104427641,900021,6E+13,1613,12428.96,450.74,513.48
20,2104427641,900022,6E+13,317,6441.44,87.86,111.72
20,2104427653,900021,6E+13,269,6219.68,74.42,96.84
20,2104427653,900022,6E+13,1181,10433.12,329.78,379.56
20,2104427660,900021,6E+13,869,8991.68,242.42,282.84
20,2104427660,900022,6E+13,581,7661.12,161.78,193.56
20,2104427788,900021,6E+13,1133,10211.36,316.34,364.68
80,2104428727,900021,6E+13,125,43115,18.5,33
80,2104428727,900022,6E+13,29,12623,4.1,18.6
190,2104428727,900023,232815,233,54248,23.3,62.652
190,2104428727,900024,232815,137,33512,13.7,42.588
200,2104428727,900025,232822,1301,549320,259.7,519.144
200,2104428727,900026,232822,2309,972680,461.3,911.256
30,2063560507,40,6E+13,53,16760,20.66,35.16
20,2063560508,30,6E+13,23,85726.508,33.44,47.94
30,2063560508,40,6E+13,53,16760,20.66,35.16
20,2063560509,30,6E+13,23,85726.508,33.44,47.94
30,2063560509,40,6E+13,53,16760,20.66,35.16
20,2063560510,30,6E+13,23,85726.508,33.44,47.94
30,2063560510,40,6E+13,53,16760,20.66,35.16
20,2063560511,30,6E+13,23,85726.508,33.44,47.94
30,2063560511,40,6E+13,53,16760,20.66,35.16
20,2063560512,30,6E+13,17,58817.672,22.46,36.96
30,2063560512,40,6E+13,29,10880,10.58,25.08
20,2063560513,30,6E+13,29,13640,4.292,18.792
20,2063560514,30,6E+13,29,11912,3.548,18.048
30,2063560514,40,6E+13,77,41288,20.444,34.944
40,2063560514,50,6E+13,41,17240,1.04,15.54
50,2063560514,60,240476,41,15090.08,0.536,15.036
60,2063560514,70,240957,41,15090.08,0.536,15.036
20,2063560515,30,ABDA136A,2801,955640,405.92,420.42
30,2063560515,40,6E+13,245,49160,8.18,22.68
40,2063560515,50,6E+13,485,116936,18.74,33.24
20,2063560516,30,551984,245,5000.24,0.74,15.24
30,2063560516,40,6E+13,245,56840,30.98,45.48
40,2063560516,50,6E+13,1541,557960,243.188,257.688
50,2063560516,60,6E+13,2825,963800,338.9,353.4
20,2063560517,30,6E+13,725,212360,91.94,106.44
30,2063560517,40,6E+13,725,212360,91.94,106.44
20,2104445997,900021,6E+13,1229,952376,673.7,688.2
20,2104445997,900022,6E+13,101,79304,53.3,67.8
20,2104445997,900023,6E+13,1325,1026680,726.5,741
120,2104445997,900024,237063,6917,502664,62.708,97.944
120,2104445997,900025,237063,13253,958856,119.732,173.976
120,2104445997,900026,237063,581,46472,5.684,21.912
280,2104445997,900027,6E+13,2657,94107.2,27.02,248.376
280,2104445997,900028,6E+13,1265,47336,13.1,125.88
280,2104445997,900029,6E+13,893,34836.8,9.38,93.144
40,2104468229,900021,6E+13,497,71420,22.64,51.9
40,2104468229,900022,6E+13,6113,829580,275.36,473.1
60,2104468229,900023,6E+13,2573,1128500,755.492,769.992
60,2104468229,900024,6E+13,437,194000,127.508,142.008
70,2104468229,900025,6E+13,1505,1166000,825.5,840
70,2104468229,900026,6E+13,185,144320,99.5,114
80,2104468229,900027,6E+13,3461,1517000,1016.564,1031.064
80,2104468229,900028,6E+13,3125,1370000,917.78,932.28
80,2104468229,900029,6E+13,29,15500,7.556,22.056
90,2104468229,900030,6E+13,593,460112,323.9,338.4
90,2104468229,900031,6E+13,1517,1175288,832.1,846.6
40,2063560517,50,6E+13,725,367880,199.94,214.44
100,2104468229,900032,6E+13,1205,386150,180.5,195
50,2063560517,60,6E+13,2177,743480,33.08,47.58
100,2104468229,900033,6E+13,725,233690,108.5,123
60,2063560517,70,240476,2021,570044.48,2.516,17.016
110,2104468229,900034,6E+13,677,218444,101.3,115.8
20,2095851280,900021,6E+13,2885,1802120,605.3,619.8
30,2095851280,900022,6E+13,2405,593000,1008.5,1023
110,2104468229,900035,6E+13,533,172706,79.7,94.2
20,2104468235,900021,6E+13,101,35492,14.9,29.4
20,2104468235,900022,6E+13,869,279428,130.1,144.6
50,2104468235,900023,6E+13,1157,220487.36,45.428,59.928
50,2104468235,900024,6E+13,2597,489846.56,101.588,116.088
60,2104468235,900025,6E+13,557,170600,83.3,97.8
60,2104468235,900026,6E+13,413,127400,61.7,76.2
70,2104468235,900027,6E+13,1097,319496,50.732,65.232
70,2104468235,900028,6E+13,1217,354056,56.252,70.752
90,2104468235,900029,6E+13,2723,2723000,2446.7,2461.2
90,2104468235,900030,6E+13,1439,1439000,1291.1,1305.6
90,2104468235,900031,6E+13,713,713000,637.7,652.2
90,2104468235,900032,6E+13,2645,2645000,2376.5,2391
110,2104468235,900033,6E+13,65,24057.5,0.56,33
110,2104468235,900034,6E+13,305,100287.5,0.8,105
90,2104468243,900021,237070,725,62600,6.98,23.64
90,2104468243,900022,237070,5045,408200,45.86,75.48
90,2104468243,900023,237070,20741,1663880,187.124,263.832
120,2104468243,900024,237063,3461,253832,31.604,56.472
120,2104468243,900025,237063,14981,1083272,135.284,194.712
180,2104468243,900026,231207,193,70142,13.66,33.612
180,2104468243,900027,231207,117,43808,8.34,26.088
190,2104468243,900028,234611,1085,515300,56.66,115.44
190,2104468243,900029,234611,221,107060,11.732,35.088
70,2063560517,80,240957,1985,559954.4,2.48,16.98
20,2063560518,30,240742,815,111920,235.4,249.9
30,2063560518,40,241763,575,79996.04,108.8,123.3
40,2063560518,50,6E+13,1457,187952,87.62,102.12
20,2063560519,30,6E+13,197,66440,15.86,30.36
30,2063560519,40,6E+13,77,77000,5.18,19.68
40,2063560519,50,6E+13,341,265064,185.3,199.8
50,2063560519,60,230842,485,5000.48,0.98,15.48
60,2063560519,70,6E+13,5,5000,0.5,15
90,2063560519,80,6E+13,101,22664,4.148,18.648
100,2063560519,90,6E+13,509,259016,140.108,154.608
110,2063560519,100,241695,5,5000,0.5,15
60,2063560519,900021,6E+13,533,271112,146.756,161.256
60,2063560519,900022,6E+13,341,174344,93.572,108.072
20,2063560520,30,6E+13,53,20360,4.34,18.84
20,2063560521,30,241763,1395,187885.08,264.6,279.1
30,2063560521,40,237070,1397,116360,18.596,33.096
20,2063560522,30,240957,53,18453.44,0.548,15.048
110,2063560522,120,6E+13,29,11210,1.412,15.912
120,2063560522,130,6E+13,29,10596.8,1.412,15.912
130,2063560522,140,6E+13,173,113864,20.66,35.16
140,2063560522,150,6E+13,257,132008,70.304,84.804
150,2063560522,160,6E+13,221,113864,60.332,74.832
160,2063560522,170,241695,5,5000,0.5,15
170,2063560522,180,241701,29,23144,14.18,28.68
190,2063560522,190,6E+13,5,5000,0.5,15
210,2104468243,900030,224381,23,14900,1.922,17.106
210,2104468243,900031,224381,227,127100,18.038,40.974
220,2104468243,900032,209364,2021,736808,121.46,186.36
220,2104468243,900033,209364,5189,1886792,311.54,455.64
40,2104468250,900021,241763,2565,341824.32,23.54,63.64
40,2104468250,900022,241763,5125,678648.64,46.58,112.28
60,2104468250,900023,6E+13,2885,912200,320.18,334.68
60,2104468250,900024,6E+13,5765,1819400,639.86,654.36
240,2104468262,900021,233710,4945,938660,128.94,143.44
240,2104468262,900022,233710,465,91940,12.46,26.96
280,2104468262,900023,6E+13,71,112844,77.06,91.56
280,2104468262,900024,6E+13,299,485396,341.54,356.04
30,2104468273,900021,228792,1265,892040,378.5,393
30,2104468273,900022,228792,485,342920,144.5,159
30,2104468273,900023,228792,1265,892040,378.5,393
60,2104468273,900024,6E+13,245,43880,24.5,39
60,2104468273,900025,6E+13,2465,403520,246.5,261
100,2104468273,900026,6E+13,635,5362.88,1.13,141
100,2104468273,900027,6E+13,575,5328.32,1.07,129
130,2104468273,900028,6E+13,181,181000,88.5,108.456
130,2104468273,900029,6E+13,725,725000,360.5,397.32
70,2104468281,900021,209401,43,64565,14.218,32.1
70,2104468281,900022,209401,207,321635,73.422,105.9
50,2104468292,900021,6E+13,29,9489.32,1.436,15.936
50,2104468292,900022,6E+13,161,34180.58,6.584,21.084
80,2104468292,900023,6E+13,35,35000,27.5,42
80,2104468292,900024,6E+13,83,83000,70.7,85.2
80,2104468292,900025,6E+13,95,95000,81.5,96
160,2104468292,900026,234611,53,27680,2.996,19.464
160,2104468292,900027,234611,161,78710,8.612,29.508
40,2104468310,900021,237056,965,81800,9.14,26.52
40,2104468310,900022,237056,1349,112520,12.596,31.128
180,2104468313,900021,6E+13,215,108708.5,28.22,50.91
180,2104468313,900022,6E+13,515,256863.5,67.82,102.21
250,2104468313,900023,6E+13,17,9080,0.68,15.18
250,2104468313,900024,6E+13,41,17240,1.04,15.54
80,2104468323,900021,6E+13,89,70016,46.7,61.2
80,2104468323,900022,6E+13,41,32864,20.3,34.8
20,2104468332,900021,234611,2879,1362965,149.948,282.282
20,2104468332,900022,234611,11,7835,0.812,15.558
50,2104469102,900021,6E+13,53,5221.76,13.94,29.88
50,2104469102,900022,6E+13,53,5221.76,13.94,29.88
50,2104469102,900023,6E+13,1157,10322.24,323.06,372.12
50,2104469775,900021,6E+13,173,198536,74.42,99
50,2104469775,900022,6E+13,629,723848,275.06,327
20,2104481902,30,6E+13,365,6663.2,101.3,126.6
20,2104481903,30,6E+13,1229,10654.88,343.22,394.44
20,2104484104,30,6E+13,29,11840,2400.5,2823
30,2104484104,40,6E+13,29,11840,2400.5,2823
40,2104484104,50,6E+13,29,5684.192,0.524,18.048
50,2104484104,60,6E+13,29,12405.2,3.356,17.856
60,2104484104,70,230842,29,16829.6,2.876,18.168
70,2104484104,80,124685,29,5000,1840.1,1854.6
80,2104484104,90,6E+13,29,5000,0.524,17.04
90,2104484104,100,6E+13,29,5002.304,0.524,16.176
100,2104484104,110,6E+13,29,5002.304,0.524,16.176
30,2104484619,30,6E+13,149,5093.888,29.3,45.24
50,2104484619,40,6E+13,29,5110.88,7.22,22.44
100,2104484619,50,6E+13,581,668552,253.94,303
30,2104484622,30,6E+13,29,23576,13.7,28.2
510,2104484622,120,6E+13,53,35576,3.86,18.36
520,2104484622,130,6E+13,245,37400,11.3,33
680,2104484622,140,209401,7,8135,1.222,15.9
720,2104484622,150,6E+13,41,6360.8,1.148,16.44
730,2104484622,160,6E+13,11,5226.8,0.932,15.846
40,2104484622,40,6E+13,29,23576,13.7,28.2
50,2104484622,50,6E+13,53,26000,14.612,29.112
290,2104484622,60,237070,101,12680,1.364,16.152
460,2104484622,70,6E+13,77,26600,11.3,25.8
470,2104484622,80,551984,17,5000.012,1.004,22.2
480,2104484622,90,6E+13,209,63752,9.884,24.384
490,2104484622,100,6E+13,245,49893.2,9.86,24.36
500,2104484622,110,6E+13,257,39020,11.84,33.9
51,2104484625,30,6E+13,221,10616,2.444,15.648
150,2104484625,120,231207,105,39650,7.5,24.9
160,2104484625,130,230866,725,185000,127.94,142.44
170,2104484625,140,209364,149,57272,9.14,27.24
180,2104484625,150,209401,725,1133600,260.42,339
190,2104484625,160,241770,805,330000,28.5,63.8
200,2104484625,170,6E+13,29,12405.2,3.356,17.856
210,2104484625,180,6E+13,65,24800,3.14,18.72
220,2104484625,190,6E+13,77,29480,1.58,16.08
230,2104484625,200,6E+13,65,5000,0.56,17.94
240,2104484625,210,6E+13,65,5000,0.56,17.94
60,2104484625,40,6E+13,65,51440,33.5,48
250,2104484625,220,223575,205,26600,3.1,17.6
70,2104484625,50,6E+13,65,14600,2.84,17.34
80,2104484625,60,6E+13,41,11733.98,1.904,16.404
90,2104484625,70,6E+13,65,22280,3.26,17.76
100,2104484625,80,237070,5,5000,0.5,15
110,2104484625,90,237063,1157,87944,10.868,28.824
120,2104484625,100,232815,485,108680,48.5,115.32
140,2104484625,110,237056,3461,281480,31.604,56.472
100,2104484625,900021,237070,2549,208520,23.396,45.528
100,2104484625,900022,237070,917,77960,8.708,25.944
40,2104484627,30,6E+13,1733,12983.36,484.34,550.68
30,2104484629,30,237070,5,5000,0.5,15
40,2104484629,40,237063,11525,834440,104.18,153.24
50,2104484629,50,237056,11525,926600,104.18,153.24
30,2104484629,900021,237070,2309,189320,21.236,42.648
30,2104484629,900022,237070,20741,1663880,187.124,263.832
30,2104484631,30,6E+13,3605,4152200,1584.5,1815
140,2104484631,120,224381,125,71000,9.98,29.04
150,2104484631,130,241770,805,330000,28.5,63.8
160,2104484631,140,124266,365,5000,12420.5,12435
170,2104484631,150,6E+13,113,59432,30.416,44.916
40,2104484631,40,6E+13,5,5000,0.5,15
71,2104484631,50,6E+13,293,43880,13.46,36.6
81,2104484631,60,6E+13,293,43880,13.46,36.6
90,2104484631,70,6E+13,365,283640,198.5,213
100,2104484631,80,6E+13,125,43115,18.5,33
110,2104484631,90,6E+13,725,139679.6,28.58,43.08
120,2104484631,100,230859,725,185000,127.22,141.72
130,2104484631,110,240643,725,126212,4.82,29.4
40,2104484631,900021,6E+13,101,5443.52,27.38,44.76
40,2104484631,900022,6E+13,29,5110.88,7.22,22.44
20,2104484632,30,241763,5,5000,0.5,15
30,2104484632,40,237070,2261,185480,20.804,42.072
20,2104484632,900021,241763,385,54997.36,3.92,22.22
20,2104484632,900022,241763,2275,303668.44,20.93,58.13
20,2104484633,30,6E+13,173,58760,13.94,28.44
20,2104484634,30,240957,653,189680,64800.5,75831
110,2104484634,120,6E+13,65,5000,0.56,17.94
120,2104484634,130,6E+13,65,5000,0.56,17.94
130,2104484634,140,6E+13,77,6793.088,0.572,17.52
140,2104484634,150,6E+13,53,6195.392,0.548,16.68
150,2104484634,160,6E+13,485,101232.8,29.3,52.44
160,2104484634,170,6E+13,437,52560.176,9.14,28.824
170,2104484634,180,6E+13,269,80240,26400.5,30903
180,2104484634,190,6E+13,293,87080,28800.5,33711
190,2104484634,200,6E+13,293,150152,80.276,94.776
200,2104484634,210,6E+13,293,150152,80.276,87
30,2104484634,40,6E+13,257,59432,0.752,47.004
210,2104484634,220,241107,497,247506.8,49.208,79.944
220,2104484634,230,6E+13,53,5000,0.548,19.08
230,2104484634,240,6E+13,53,5000,0.548,19.08
240,2104484634,250,6E+13,41,6209.6,0.536,18.06
250,2104484634,260,6E+13,77,7419.2,0.572,21.12
260,2104484634,270,6E+13,917,315080,109.94,124.44
270,2104484634,280,6E+13,401,119048,50.792,65.292
280,2104484634,290,6E+13,437,129416,55.364,69.864
290,2104484634,300,124685,821,5000,62546.9,62561.4
300,2104484634,310,230842,317,158784.8,31.388,56.184
40,2104484634,50,6E+13,221,113864,60.332,74.832
310,2104484634,320,6E+13,185,56840,23.54,38.04
320,2104484634,330,240476,281,83660,27600.5,32307
50,2104484634,60,6E+13,365,123800,16.34,37.32
60,2104484634,70,6E+13,581,200840,9.14,23.64
70,2104484634,80,124266,725,5000,24840.5,24855
80,2104484634,90,6E+13,149,9105.152,0.644,33.288
90,2104484634,100,6E+13,209,67944.2,24.776,39.276
100,2104484634,110,6E+13,581,200840,69.62,84.12
20,2104484635,30,6E+13,53,19400,7.7,22.2
110,2104484635,120,230866,389,101000,68.468,82.968
120,2104484635,130,230859,281,74000,49.076,63.576
130,2104484635,140,411312,245,28336.64,13.7,28.2
140,2104484635,150,223575,485,56840,6.74,21.24
150,2104484635,160,6E+13,113,113000,7.52,22.02
160,2104484635,170,6E+13,461,204500,134.564,149.064
170,2104484635,180,6E+13,149,68000,42.836,57.336
200,2063560522,200,241107,65,5000.06,0.56,15.06
180,2104484635,190,237063,1397,105224,13.028,31.704
210,2063560522,210,6E+13,77,20552,9.644,24.144
30,2063560522,40,6E+13,77,20552,9.644,24.144
190,2104484635,200,237056,293,28040,3.092,18.456
220,2063560522,220,6E+13,77,25736,9.644,24.144
200,2104484635,210,6E+13,5,5000,0.5,15
230,2063560522,230,6E+13,77,25736,9.644,24.144
30,2104484635,40,232815,65,17960,6.5,27.54
240,2063560522,240,124685,245,5000,18396.5,18411
210,2104484635,220,6E+13,533,103765.04,21.092,35.592
250,2063560522,250,230842,107,5000.102,0.602,15.102
220,2104484635,230,6E+13,557,25865.6,10.436,37.08
260,2063560522,260,128017A,137,5000,10648.544,10663.044
230,2104484635,240,6E+13,77,5000.072,0.572,25.008
270,2063560522,270,6E+13,77,25736,9.716,24.216
240,2104484635,250,6E+13,47,47000,38.3,52.8
280,2063560522,280,6E+13,77,20552,9.644,24.144
260,2104484635,260,241251,725,62600,6.98,23.64
290,2063560522,290,240476,101,31906.88,0.596,15.096
270,2104484635,270,6E+13,293,95720,32.468,46.968
40,2063560522,50,6E+13,149,77576,40.388,54.888
280,2104484635,280,6E+13,605,285800,30.5,45
50,2063560522,60,6E+13,77,28760,5.252,19.752
40,2095851280,900023,6E+13,245,281480,120.5,135
50,2095851280,900024,6E+13,605,1357400,612.5,627
60,2095851280,900025,6E+13,65,274088.36,110.3,124.8
70,2095851280,900026,6E+13,125,275000,41.3,55.8
80,2095851280,900027,6E+13,773,93780.8,48.116,62.616
90,2095851280,900028,6E+13,965,1541000,326.9,341.4
100,2095851280,900029,6E+13,1925,4090760,2362.1,2376.6
110,2095851280,900030,6E+13,197,94856,10.1,24.6
120,2095851280,900031,6E+13,101,66152,7.22,21.72
130,2095851280,900032,6E+13,437,108032,24.26,38.76
140,2095851280,900033,6E+13,293,43880,15.188,29.688
150,2095851280,900034,6E+13,245,190760,132.5,147
160,2095851280,900035,6E+13,365,162500,106.34,120.84
170,2095851280,900036,6E+13,125,97880,66.5,81
180,2095851280,900037,6E+13,185,185000,162.5,177
190,2095851280,900038,6E+13,185,185000,162.5,177
200,2095851280,900039,6E+13,245,81230,36.5,51
210,2095851280,900040,6E+13,101,35492,14.9,29.4
220,2095851280,900041,6E+13,245,81230,36.5,51
230,2095851280,900042,6E+13,293,51080,11.732,26.232
240,2095851280,900043,6E+13,149,24278,6.116,20.616
250,2095851280,900044,6E+13,293,58871.84,11.732,26.232
260,2095851280,900045,6E+13,125,41000,18.5,33
270,2095851280,900046,6E+13,185,56840,8.78,23.28
290,2095851280,900047,6E+13,125,43115,0.62,51
300,2095851280,900048,6E+13,293,5000,0.788,15.288
310,2095851280,900049,6E+13,293,5000,0.788,15.288
320,2095851280,900050,6E+13,149,5000,0.644,15.144
330,2095851280,900051,6E+13,293,5000,0.788,15.288
340,2095851280,900052,234277,65,5884.52,1.7,16.2
350,2095851280,900053,236318,35,9800,1.04,15.54
360,2095851280,900054,6E+13,125,43400,10.1,24.6
370,2095851280,900055,236486,65,19580,13.88,28.38
380,2095851280,900056,237070,485,43400,6.74,21.24
390,2095851280,900057,232846,53,15368,11.204,25.704
400,2095851280,900058,241251,245,24200,3.62,18.12
20,2109226357,900021,234291,11,5088.452,0.518,15.102
410,2095851280,900059,231191,125,16880,3.74,18.24
420,2095851280,900060,230859,245,65000,42.74,57.24
430,2095851280,900061,230866,125,35000,21.74,36.24
440,2095851280,900062,240643,245,45404,67.7,82.2
450,2095851280,900063,209364,293,109544,26.132,40.632
460,2095851280,900064,209401,125,193100,58.1,72.6
470,2095851280,900065,241558,125,13400,3.62,18.12
480,2095851280,900066,6E+13,245,35240,14.9,29.4
490,2095851280,900067,6E+13,293,147228.8,37.94,52.44
500,2095851280,900068,241770,125,53750,8.78,23.28
510,2095851280,900069,6E+13,485,125960,24.02,38.52
520,2095851280,900070,6E+13,185,61700,20.48,34.98
530,2095851280,900071,6E+13,77,27680,4.028,18.528
540,2095851280,900072,6E+13,245,14072,2.42,17.64
580,2095851280,900073,241107,65,34574,0.56,22.92
590,2095851280,900074,124685,293,5000,22075.7,22090.2
600,2095851280,900075,124266,365,5000,12420.5,12435
610,2095851280,900076,6E+13,125,18211.16,2.9,18.84
620,2095851280,900077,6E+13,245,53116.4,14.9,33.72
680,2095851280,900078,6E+13,149,46472,18.788,33.288
690,2095851280,900079,6E+13,77,25736,9.716,24.216
700,2095851280,900080,6E+13,149,46472,18.788,33.288
710,2095851280,900081,6E+13,605,209000,72.5,87
720,2095851280,900082,240476,365,107600,36000.5,42135
730,2095851280,900083,240957,365,107600,36000.5,42135
740,2095851280,900084,6E+13,185,95720,50.36,64.86
750,2095851280,900085,6E+13,185,66200,22.1,36.6
760,2095851280,900086,6E+13,365,127400,5.9,20.4
770,2095851280,900087,6E+13,605,176000,60000.5,70215
780,2095851280,900088,6E+13,185,11048,2.3,30.84
790,2095851280,900089,6E+13,77,20552,0.572,24.144
800,2095851280,900090,6E+13,365,186440,100.22,114.72
810,2095851280,900091,6E+13,365,107600,36000.5,42135
820,2095851280,900092,6E+13,365,103683.2,0.86,18.6
830,2095851280,900093,6E+13,221,66236,0.716,43.728
840,2095851280,900094,6E+13,365,102200,0.86,60.72
850,2095851280,900095,6E+13,185,9482.72,0.68,21.3
860,2095851280,900096,6E+13,125,5000,0.62,20.88
870,2095851280,900097,6E+13,125,9032,0.62,25.2
880,2095851280,900098,6E+13,185,11048,0.68,30.3
890,2095851280,900099,6E+13,77,5000,0.572,18.528
900,2095851280,900100,6E+13,149,5000,0.644,27.24
910,2095851280,900101,6E+13,245,5000,0.74,35.4
920,2095851280,900102,6E+13,53,5000,0.548,15.96
930,2095851280,900103,223575,105,15800,1.8,16.3
940,2095851280,900104,411312,205,24447.2,11.5,26
40,2095851302,900021,6E+13,29,32648,12.5,27
40,2095851302,900022,6E+13,221,253832,108.5,123
200,2095851302,900023,6E+13,107,107000,92.3,106.8
200,2095851302,900024,6E+13,83,83000,70.7,85.2
20,2095944756,900021,6E+13,3845,2401160,806.9,821.4
30,2095944756,900022,6E+13,2405,593000,1008.5,1023
40,2095944756,900023,6E+13,725,834440,360.5,375
50,2095944756,900024,6E+13,365,1619530.16,659.3,673.8
60,2095944756,900025,6E+13,35,74120,68.6,83.1
70,2095944756,900026,6E+13,1445,3245000,490.1,504.6
80,2095944756,900027,6E+13,605,922673,192.5,207
120,2095944756,900028,6E+13,245,117320,12.5,27
130,2095944756,900029,6E+13,125,81440,8.9,23.4
140,2095944756,900030,6E+13,185,29300,9.68,24.18
150,2095944756,900031,6E+13,17,14288,7.1,21.6
150,2095944756,900032,6E+13,173,135032,92.9,107.4
160,2095944756,900033,6E+13,125,57500,35.78,50.28
160,2095944756,900034,6E+13,125,57500,35.78,50.28
170,2095944756,900035,6E+13,245,190760,132.5,147
180,2095944756,900036,6E+13,185,185000,162.5,177
190,2095944756,900037,6E+13,185,185000,162.5,177
200,2095944756,900038,6E+13,245,81230,36.5,51
210,2095944756,900039,6E+13,101,35492,14.9,29.4
220,2095944756,900040,6E+13,293,51080,11.732,26.232
230,2095944756,900041,6E+13,293,58871.84,11.732,26.232
240,2095944756,900042,6E+13,125,39560,6.02,20.52
250,2095944756,900043,6E+13,149,5000,0.644,15.144
260,2095944756,900044,6E+13,149,5000,0.644,15.144
270,2095944756,900045,6E+13,293,5000,0.788,15.288
280,2095944756,900046,234291,65,5884.52,1.7,16.2
290,2095944756,900047,236318,35,9800,1.04,15.54
300,2095944756,900048,6E+13,245,81800,19.7,34.2
310,2095944756,900049,237070,725,62600,9.86,24.36
320,2095944756,900050,237063,485,39560,6.74,21.24
330,2095944756,900051,237056,485,43400,6.74,21.24
340,2095944756,900052,231191,125,16880,3.74,18.24
350,2095944756,900053,230859,125,35000,21.62,36.12
360,2095944756,900054,240643,293,53484.8,81.14,95.64
370,2095944756,900055,209401,29,42620,12.02,26.52
380,2095944756,900056,6E+13,293,41288,17.78,32.28
390,2095944756,900057,6E+13,293,147228.8,37.94,52.44
400,2095944756,900058,241763,245,36577.28,46.1,60.6
410,2095944756,900059,6E+13,485,125960,24.02,38.52
420,2095944756,900060,6E+13,125,42800,13.82,28.32
430,2095944756,900061,6E+13,125,42800,6.38,20.88
440,2095944756,900062,6E+13,485,23144,4.34,20.28
450,2095944756,900063,6E+13,185,11804,1.94,16.98
460,2095944756,900064,6E+13,245,79052,29.06,43.56
490,2095944756,900065,241107,65,34574,0.56,22.92
500,2095944756,900066,124685,365,5000,27594.5,27609
510,2095944756,900067,124266,245,5000,8280.5,8295
520,2095944756,900068,6E+13,125,18211.16,2.9,18.84
530,2095944756,900069,6E+13,245,53116.4,14.9,33.72
550,2095944756,900070,6E+13,221,67208,27.932,42.432
560,2095944756,900071,6E+13,149,46472,18.932,33.432
570,2095944756,900072,6E+13,437,129416,55.364,69.864
580,2095944756,900073,6E+13,605,209000,72.5,87
590,2095944756,900074,240476,605,176000,60000.5,70215
600,2095944756,900075,240957,605,176000,60000.5,70215
610,2095944756,900076,6E+13,725,367880,199.94,214.44
620,2095944756,900077,6E+13,725,367880,199.94,214.44
630,2095944756,900078,6E+13,605,209000,72.5,87
640,2095944756,900079,6E+13,605,209000,9.5,24
650,2095944756,900080,6E+13,485,141800,48000.5,56175
660,2095944756,900081,6E+13,125,5011.52,0.62,20.88
670,2095944756,900082,6E+13,149,9838.4,1.94,27.672
680,2095944756,900083,6E+13,293,67208,0.788,51.576
690,2095944756,900084,6E+13,545,277160,150.08,164.58
700,2095944756,900085,6E+13,365,107600,36000.5,42135
710,2095944756,900086,6E+13,485,18683.84,0.98,75.96
720,2095944756,900087,6E+13,149,8586.176,0.644,20.04
730,2095944756,900088,6E+13,65,5000,0.56,17.94
740,2095944756,900089,6E+13,185,11048,0.68,30.3
750,2095944756,900090,6E+13,125,9032,0.62,25.2
760,2095944756,900091,6E+13,125,5000,0.62,20.88
770,2095944756,900092,6E+13,149,5000,0.644,27.24
780,2095944756,900093,6E+13,125,5000,0.62,25.2
790,2095944756,900094,6E+13,125,7988.48,0.62,19.2
800,2095944756,900095,6E+13,29,5000,0.524,15.48
810,2095944756,900096,223575,205,26600,3.1,17.6
20,2096028166,900021,6E+13,1565,387200,655.7,670.2
20,2096028166,900022,6E+13,845,210800,353.3,367.8
270,2096028166,900023,6E+13,581,150152,28.724,43.224
290,2104484635,290,240643,1301,223181.6,8.276,40.92
300,2104484635,300,6E+13,149,24440,6.98,25.8
310,2104484635,310,6E+13,149,24440,6.98,25.8
40,2104484635,50,236318,113,22280,0.716,16.728
320,2104484635,320,6E+13,509,326048,35.78,50.28
330,2104484635,330,6E+13,53,30920,0.548,18.984
340,2104484635,340,6E+13,53,30920,0.548,18.984
350,2104484635,350,6E+13,197,65984,29.3,43.8
360,2104484635,360,236486,161,42908,16.1,47.76
370,2104484635,370,224381,95,54500,7.61,25.53
380,2104484635,380,232846,233,54248,23.3,64.02
390,2104484635,390,6E+13,101,35492,14.9,29.4
50,2104484635,60,241558,2165,156200,28.58,69
60,2104484635,70,6E+13,437,113864,21.668,36.168
70,2104484635,80,234291,329,9776.408,1.472,20.508
60,2063560522,70,124266,569,5000,19458.5,19473
70,2063560522,80,6E+13,329,104970.2,39.056,53.556
80,2063560522,90,6E+13,65,5000,0.56,15.06
90,2063560522,100,6E+13,53,13832,2.324,16.824
100,2063560522,110,6E+13,53,13832,2.036,16.536
190,2063560522,900021,6E+13,11,6707.24,2.3,16.8
20,2063560526,30,6E+13,17,14288,7.1,21.6
30,2063560526,40,6E+13,29,20288,2.18,16.68
40,2063560526,50,6E+13,29,8240,1.724,16.224
20,2063560528,30,6E+13,1925,1203080,403.7,418.2
120,2063560528,120,231207,505,178250,53,67.5
140,2063560528,130,230866,1445,365000,255.38,269.88
150,2063560528,140,240735,965,627080,130.1,144.6
160,2063560528,150,240643,2885,489848,806.9,821.4
170,2063560528,160,209401,653,1020740,311.54,326.04
190,2063560528,170,6E+13,3461,1711745.6,449.78,464.28
200,2063560528,180,241770,805,330000,55.7,70.2
210,2063560528,190,232815,245,56840,54.02,68.52
220,2063560528,200,237056,3461,281480,45.428,59.928
230,2063560528,210,236486,245,63320,54.02,68.52
30,2063560528,40,6E+13,5,5000,0.5,15
240,2063560528,220,6E+13,365,365000,23.9,38.4
250,2063560528,230,6E+13,725,212360,91.94,106.44
260,2063560528,240,6E+13,725,212360,91.94,106.44
270,2063560528,250,6E+13,365,82760,46.22,60.72
280,2063560528,260,240957,725,206801.6,1.22,15.72
80,2104484635,90,234277,365,10307.12,1.94,21.12
90,2104484635,100,6E+13,341,111722,50.9,65.4
100,2104484635,110,209364,5,5000,0.5,15
100,2104484635,900021,209364,701,257648,42.26,74.16
100,2104484635,900022,209364,29,13712,1.94,17.04
200,2104484635,900023,6E+13,185,33800,7.52,22.02
200,2104484635,900024,6E+13,17,6920,0.968,15.468
20,2104484636,30,6E+13,1445,635000,423.86,438.36
110,2104484636,120,234277,185,7653.56,1.22,18.06
120,2104484636,130,237070,5,5000,0.5,15
140,2104484636,140,230859,437,113000,76.532,91.032
150,2104484636,150,230866,437,113000,76.964,91.464
160,2104484636,160,209401,1949,3052220,702.284,889.8
170,2104484636,170,6E+13,293,100040,13.172,32.856
180,2104484636,180,124266,197,5000,6624.5,6639
190,2104484636,190,6E+13,365,108680,46.22,60.72
200,2104484636,200,6E+13,149,25496.816,0.644,17.88
30,2104484636,40,6E+13,605,469400,330.5,345
40,2104484636,50,6E+13,1925,845000,564.98,579.48
50,2104484636,60,6E+13,605,469400,330.5,345
60,2104484636,70,6E+13,245,81230,36.5,51
70,2104484636,80,6E+13,149,50738,22.1,36.6
80,2104484636,90,6E+13,149,50738,22.1,36.6
90,2104484636,100,6E+13,293,51080,11.732,26.232
100,2104484636,110,6E+13,581,112743.68,22.964,37.464
300,2063560528,270,6E+13,725,235400,58.1,72.6
120,2104484636,900021,237070,2309,189320,21.236,42.648
40,2109226357,900022,6E+13,17,17000,1.28,15.78
120,2104484636,900022,237070,20741,1663880,187.124,263.832
30,2104484637,30,6E+13,1925,2216840,845.3,975
80,2104484637,40,237070,3461,281480,31.604,56.472
90,2104484637,50,237063,3461,253832,31.604,56.472
100,2104484637,60,237056,3461,281480,31.604,56.472
110,2104484637,70,240643,437,77727.2,3.092,23.64
120,2104484637,80,209364,293,109544,17.78,39.48
130,2104484637,90,209401,485,757400,173.78,231
140,2104484637,100,6E+13,725,32216,52.34,116.52
20,2104487671,30,6E+13,11,18824,12.5,28.62
20,2104487794,30,6E+13,149,336776,288.5,341.88
30,2104503994,30,6E+13,281,92664.5,0.776,97.8
20,2104503996,30,6E+13,269,209336,145.7,160.2
60,2104503996,40,6E+13,581,170888,73.652,88.152
70,2104503996,50,237070,389,35720,3.956,19.608
80,2104503996,60,6E+13,485,168200,7.7,22.2
170,2104503996,70,223575,5,5000,0.5,15
180,2104503996,80,241763,245,36577.28,2.66,19.56
190,2104503996,90,241558,197,18440,2.996,19.8
200,2104503996,100,6E+13,149,24440,6.98,25.8
210,2104503996,110,6E+13,725,139679.6,28.58,43.08
170,2104503996,900021,223575,65,11480,1.28,15.78
170,2104503996,900022,223575,65,11480,1.28,15.78
20,2104503999,30,6E+13,3173,3654536,1394.42,1599
30,2104503999,40,6E+13,5,5000,0.5,15
50,2104503999,50,6E+13,725,139679.6,28.58,43.08
310,2063560528,280,234277,305,9422.6,6.5,21
320,2063560528,290,230842,365,5000.36,0.86,15.36
330,2063560528,300,124266,125,5000,4140.5,4155
40,2063560528,50,6E+13,2381,2742152,1188.5,1203
50,2063560528,60,6E+13,545,1222160,551.3,565.8
60,2063560528,70,6E+13,329,1458077.144,593.42,607.92
70,2063560528,80,6E+13,887,2037128,2002.64,2017.14
80,2063560528,90,6E+13,845,1895000,286.1,300.6
90,2063560528,100,6E+13,5,5000,0.5,15
100,2063560528,110,6E+13,569,110499.02,22.496,36.996
30,2063560528,900021,6E+13,1325,328400,554.9,569.4
30,2063560528,900022,6E+13,1565,387200,655.7,670.2
90,2063560528,900023,6E+13,425,72200,16.88,31.38
90,2063560528,900024,6E+13,1025,168200,40.28,54.78
20,2063560535,30,6E+13,2933,1059080,463.124,477.624
30,2063560535,40,ABDA136A,5,5000,0.5,15
40,2063560535,50,6E+13,4469,1522760,536.18,550.68
50,2063560535,60,6E+13,4889,1665560,73.76,88.26
30,2063560535,900021,ABDA136A,1157,396680,167.54,182.04
30,2063560535,900022,ABDA136A,3281,1118840,475.52,490.02
20,2063560536,30,209364,281,105188,25.064,39.564
120,2063560536,120,6E+13,77,38696,4.1,18.6
130,2063560536,130,240643,161,31262.6,44.18,58.68
140,2063560536,140,6E+13,53,16448,3.14,17.64
150,2063560536,150,6E+13,17,6620,1.112,15.612
160,2063560536,160,6E+13,77,50864,5.54,20.04
60,2104503999,60,6E+13,149,8586.176,0.644,20.04
70,2104503999,70,6E+13,77,6793.088,0.572,17.52
30,2104503999,900021,6E+13,1181,2714504,2352.5,2684.52
30,2104503999,900022,6E+13,1769,4069256,3528.5,4019.28
20,2104504001,30,6E+13,461,530312,201.14,243
40,2104504001,40,6E+13,35,5001.38,54.5,69.9
60,2104504001,50,6E+13,11,18824,12.5,28.62
20,2104504008,30,6E+13,17,5000,0.512,15.588
110,2104504008,120,6E+13,29,15500,7.556,22.056
120,2104504008,130,209364,17,9356,1.22,16.02
30,2104504008,40,6E+13,29,5000,0.524,16.176
40,2104504008,50,6E+13,17,5000,0.512,15.012
50,2104504008,60,6E+13,29,5000,0.524,15.024
60,2104504008,70,6E+13,77,25736,9.644,24.144
70,2104504008,80,6E+13,77,20552,0.572,24.144
80,2104504008,90,6E+13,65,25400,7.7,22.2
90,2104504008,100,6E+13,41,6026.288,0.536,19.572
100,2104504008,110,6E+13,17,8420,1200.5,1419
20,2104504013,30,6E+13,77,60897.632,0.572,27.816
30,2104504013,40,6E+13,41,23144,10.472,24
40,2104504013,50,6E+13,41,31808.048,0.536,21.408
50,2104504013,60,6E+13,41,31808.048,0.536,21.408
60,2104504013,70,241107,11,7957.4,1.094,15.792
20,2104504015,30,6E+13,485,168200,7.7,22.2
20,2104504023,30,6E+13,581,170888,74.228,88.728
270,2096028166,900024,6E+13,869,222728,42.836,57.336
300,2096296703,900021,6E+13,53,18824,2.708,17.208
300,2096296703,900022,6E+13,113,36104,5.468,19.968
300,2096296703,900023,6E+13,161,49928,7.676,22.176
300,2096296703,900024,6E+13,269,81032,12.644,27.144
380,2096296703,900025,237070,821,70280,11.108,25.608
380,2096296703,900026,237070,341,31880,4.868,19.368
20,2096296751,900021,6E+13,2405,593000,1008.5,1023
30,2096296751,900022,6E+13,245,281480,120.5,135
40,2096296751,900023,6E+13,305,1350441.8,549.5,564
50,2096296751,900024,6E+13,725,1663880,1634.9,1649.4
50,2096296751,900025,6E+13,185,419720,409.1,423.6
70,2096296751,900026,6E+13,545,1154120,664.7,679.2
80,2096296751,900027,6E+13,77,38696,4.1,18.6
90,2096296751,900028,6E+13,77,50864,5.54,20.04
100,2096296751,900029,6E+13,725,176720,40.1,54.6
110,2096296751,900030,6E+13,725,102200,37.22,51.72
120,2096296751,900031,6E+13,797,6980.792,28.22,42.72
110,2104504023,120,6E+13,581,169160,57600.5,67407
120,2104504023,130,6E+13,605,22104.8,1.1,91.2
30,2104504023,40,6E+13,581,170888,73.652,88.152
40,2104504023,50,6E+13,581,170888,73.652,88.152
50,2104504023,60,6E+13,1085,549320,299.66,285
60,2104504023,70,6E+13,1085,549320,299.66,314.16
70,2104504023,80,6E+13,965,331400,115.7,130.2
80,2104504023,90,6E+13,581,129416,1.076,88.152
90,2104504023,100,6E+13,1445,494600,173.3,187.8
100,2104504023,110,6E+13,1085,549320,299.66,314.16
20,2104504028,30,231191,77,12128,1.364,16.512
20,2104504033,30,6E+13,77,36500,21.668,36.168
110,2104504033,120,6E+13,149,24440,6.98,25.8
120,2104504033,130,6E+13,485,65480,12.98,34.2
130,2104504033,140,6E+13,365,62600,14.54,29.04
140,2104504033,150,6E+13,65,7268,4.82,23.46
30,2104504033,40,6E+13,65,51440,33.5,48
40,2104504033,50,232846,65,17960,6.5,27.9
50,2104504033,60,234277,65,5884.52,0.74,16.02
60,2104504033,70,236486,65,19580,6.5,27.6
70,2104504033,80,6E+13,65,23900,7.16,21.66
80,2104504033,90,6E+13,245,74120,11.54,26.04
90,2104504033,100,6E+13,197,147718.016,35.06,67.032
100,2104504033,110,6E+13,197,147718.016,35.06,67.032
30,2104504038,30,6E+13,41,32864,20.3,34.8
470,2104504038,120,6E+13,101,7390.784,0.596,18.36
480,2104504038,130,6E+13,89,5000,0.584,19.116
500,2104504038,140,241251,53,8840,0.932,15.576
760,2104504038,150,6E+13,29,5907.2,0.932,15.96
780,2104504038,160,6E+13,41,32948.816,0.536,21.408
40,2104504038,40,6E+13,41,32864,20.3,34.8
50,2104504038,50,6E+13,29,15500,7.556,22.056
90,2104504038,60,232815,17,7592,1.7,17.508
100,2104504038,70,232846,17,7592,1.7,17.58
120,2096296751,900032,6E+13,1373,8421.368,48.38,62.88
130,2096296751,900033,6E+13,2165,39836.48,108.5,123
140,2096296751,900034,6E+13,605,267500,176.9,191.4
150,2096296751,900035,6E+13,485,215000,141.62,156.12
160,2096296751,900036,6E+13,125,43115,18.5,33
180,2096296751,900037,6E+13,293,43556,11.732,26.232
200,2096296751,900038,6E+13,293,87944,13.748,28.248
210,2096296751,900039,6E+13,149,5000,0.644,15.144
220,2096296751,900040,6E+13,149,5000,0.644,15.144
230,2096296751,900041,6E+13,149,5000,0.644,15.144
240,2096296751,900042,6E+13,149,5000,0.644,15.144
250,2096296751,900043,234277,65,5884.52,1.7,16.2
260,2096296751,900044,234291,65,5884.52,1.7,16.2
270,2096296751,900045,236318,125,24200,2.66,17.16
280,2096296751,900046,6E+13,149,149000,9.86,24.36
290,2096296751,900047,6E+13,125,43400,10.1,24.6
300,2096296751,900048,237070,1157,97160,15.476,29.976
310,2096296751,900049,232846,125,30920,27.26,41.76
330,2096296751,900050,237063,2309,170888,30.452,44.952
340,2096296751,900051,241251,1157,97160,15.476,29.976
350,2096296751,900052,232815,65,17960,13.88,28.38
350,2096296751,900053,232815,125,30920,27.26,41.76
360,2096296751,900054,232822,41,20120,14.9,29.4
360,2096296751,900055,232822,329,141080,130.1,144.6
370,2096296751,900056,237056,2309,189320,30.452,44.952
380,2096296751,900057,231207,205,74300,21.5,36
330,2104504038,80,237063,53,8456,0.932,15.576
390,2096296751,900058,230859,725,185000,127.22,141.72
340,2104504038,90,237070,245,24200,2.66,17.88
400,2096296751,900059,230866,293,77000,51.476,65.976
350,2104504038,100,236486,17,7916,1.7,17.52
410,2096296751,900060,240643,1445,247424,403.7,418.2
460,2104504038,110,6E+13,101,7390.784,0.596,18.36
30,2104504042,30,6E+13,437,5281.664,86.9,105.72
420,2096296751,900061,209401,245,381200,115.7,130.2
50,2104504042,40,6E+13,5,5000,0.5,15
430,2096296751,900062,224381,125,71000,15.38,29.88
70,2104504042,50,6E+13,137,5006.072,238.1,256.56
440,2096296751,900063,241558,365,30200,9.86,24.36
100,2104504042,60,6E+13,653,751496,285.62,339
450,2096296751,900064,6E+13,1067,529468.7,138.56,153.06
20,2104504047,30,6E+13,725,834440,317.3,375
140,2104504047,120,6E+13,221,67208,27.932,42.432
460,2096296751,900065,241770,805,330000,55.7,70.2
150,2104504047,130,6E+13,5,5000,0.5,15
470,2096296751,900066,6E+13,725,186440,35.78,50.28
160,2104504047,140,6E+13,125,39200,12000.5,14055
480,2096296751,900067,6E+13,365,118400,40.46,54.96
170,2104504047,150,6E+13,125,39200,12000.5,14055
490,2096296751,900068,6E+13,77,27680,4.028,18.528
500,2096296751,900069,6E+13,293,15886.4,2.804,18.168
180,2104504047,160,6E+13,245,86600,29.3,43.8
510,2096296751,900070,6E+13,1445,59432,12.02,30.84
180,2063560536,170,236486,113,31244,24.584,39.084
190,2063560536,180,232846,101,25736,21.908,36.408
200,2063560536,190,232815,65,17960,13.88,28.38
210,2063560536,200,6E+13,5,5000,0.5,15
220,2063560536,210,6E+13,173,58361,25.7,40.2
30,2063560536,40,6E+13,149,50738,22.1,36.6
230,2063560536,220,236318,173,31880,3.524,18.024
250,2063560536,230,241558,293,25160,7.988,22.488
260,2063560536,240,6E+13,173,47336,8.732,23.232
270,2063560536,250,234291,113,6592.136,2.66,17.16
280,2063560536,260,234277,161,7299.752,3.62,18.12
50,2063560536,50,223575,385,46040,5.44,19.94
60,2063560536,60,6E+13,197,197000,12.98,27.48
70,2063560536,70,6E+13,533,236000,155.732,170.232
80,2063560536,80,6E+13,197,89000,56.948,71.448
90,2063560536,90,237056,53,8840,1.124,15.624
100,2063560536,100,241251,101,12680,1.748,16.248
110,2063560536,110,6E+13,161,54140,17.816,32.316
210,2063560536,900021,6E+13,53,19400,7.7,22.2
210,2063560536,900022,6E+13,125,41000,18.5,33
20,2063560861,30,6E+13,35,139544.18,55.4,69.9
30,2063560861,40,6E+13,77,22640,30.74,45.24
20,2063567765,30,230866,53,17000,8.996,23.496
20,2063567782,30,6E+13,125,82760,14.9,29.4
110,2063567782,120,124685,41,5000,2759.9,2774.4
120,2063567782,130,230842,53,5000.048,0.548,15.048
130,2063567782,140,241701,17,14072,7.34,21.84
140,2063567782,150,243835,101,32315.84,29.3,43.8
150,2063567782,160,240476,41,15090.08,0.536,15.036
160,2063567782,170,240957,101,31906.88,0.596,15.096
180,2063567782,180,6E+13,293,87944,37.364,51.864
190,2063567782,190,6E+13,77,20552,9.644,24.144
200,2063567782,200,6E+13,17,15296,4.7,19.2
210,2063567782,210,6E+13,41,23144,10.472,24.972
30,2063567782,40,6E+13,65,16040,2.42,16.92
